ID_QUADRAT,Porcentaje_Calculado_%,cobertura_quadrat_valor_absoluto,Cobertura_CSV_%,Diferencia_%,Error_Relativo_%,Fecha_ID
140,46.55172413793103,0.9731789928002454,92.19,-45.638275862068966,-49.504583861665004,20230614_ndvi_otsu_3c_binario
123,47.354497354497354,0.9216880408002325,72.798,-25.443502645502647,-34.950826458834925,20230614_ndvi_otsu_3c_binario
141,64.71861471861472,0.7697897324001942,61.54,3.1786147186147176,5.165119789754172,20230614_ndvi_otsu_3c_binario
139,42.11248285322359,0.7903861132001994,37.6,4.512482853223588,12.001284184105288,20230614_ndvi_otsu_3c_binario
134,55.55555555555556,1.042691778000263,100.0,-44.44444444444444,-44.44444444444444,20230614_ndvi_otsu_3c_binario
137,74.45887445887446,0.8856443744002234,83.28,-8.82112554112554,-10.592129612302521,20230614_ndvi_otsu_3c_binario
132,36.623067776456594,0.7929606608002,75.13,-38.5069322235434,-51.25373648814509,20230614_ndvi_otsu_3c_binario
136,61.95652173913043,0.8804952792002221,34.33,27.626521739130432,80.4734102508897,20230614_ndvi_otsu_3c_binario
131,56.36094674556213,0.9809026356002474,100.0,-43.63905325443787,-43.63905325443787,20230614_ndvi_otsu_3c_binario
133,43.5,0.6719569236001695,82.91,-39.41,-47.53347002774092,20230614_ndvi_otsu_3c_binario
113,52.92307692307693,0.8856443744002234,79.9700000000001,-27.04692307692317,-33.82133684747172,20230614_ndvi_otsu_3c_binario
135,44.515306122448976,0.8985171124002266,64.33,-19.814693877551022,-30.80163823651644,20230614_ndvi_otsu_3c_binario
121,45.26627218934911,0.7878115656001987,57.13,-11.863727810650893,-20.76619606275318,20230614_ndvi_otsu_3c_binario
114,36.206896551724135,0.7569169944001909,100.0,-63.793103448275865,-63.793103448275865,20230614_ndvi_otsu_3c_binario
90,51.440329218106996,0.9654553500002435,100.0,-48.559670781893004,-48.559670781893004,20230614_ndvi_otsu_3c_binario
93,34.48275862068966,0.7466188040001883,35.882,-1.3992413793103395,-3.899563511817456,20230614_ndvi_otsu_3c_binario
94,26.27551020408163,0.5303568056001338,45.13,-18.854489795918372,-41.77817371131923,20230614_ndvi_otsu_3c_binario
92,35.204081632653065,0.7105751376001792,100.0,-64.79591836734693,-64.79591836734693,20230614_ndvi_otsu_3c_binario
128,29.464285714285715,0.5947204956001501,50.72,-21.255714285714284,-41.90795403334835,20230614_ndvi_otsu_3c_binario
89,44.99314128943759,0.844451612800213,68.19,-23.19685871056241,-34.01797728488402,20230614_ndvi_otsu_3c_binario
126,46.89349112426036,0.8161315892002059,57.33,-10.43650887573964,-18.20427154324026,20230614_ndvi_otsu_3c_binario
125,32.098765432098766,0.602444138400152,86.18,-54.08123456790124,-62.75381128788725,20230614_ndvi_otsu_3c_binario
127,53.84615384615385,0.9371353264002363,96.3300000000001,-42.48384615384625,-44.10240439514814,20230614_ndvi_otsu_3c_binario
130,71.65532879818595,0.8135570416002053,100.0,-28.34467120181405,-28.34467120181405,20230614_ndvi_otsu_3c_binario
119,50.69444444444444,0.7517678992001896,67.61,-16.915555555555557,-25.01931009548226,20230614_ndvi_otsu_3c_binario
129,42.769230769230774,0.7157242328001805,77.2,-34.43076923076923,-44.59944200876843,20230614_ndvi_otsu_3c_binario
122,53.68620037807184,0.7311715184001845,39.64,14.046200378071838,35.43441064094813,20230614_ndvi_otsu_3c_binario
120,52.12620027434842,0.9783280880002467,80.01,-27.883799725651585,-34.850393357894745,20230614_ndvi_otsu_3c_binario
115,42.66666666666667,0.9886262784002493,76.27,-33.603333333333325,-44.05838905642235,20230614_ndvi_otsu_3c_binario
117,73.24263038548753,0.8315788748002098,59.772,13.470630385487532,22.536690064725175,20230614_ndvi_otsu_3c_binario
95,44.045368620037806,0.5998695908001513,48.39,-4.344631379962195,-8.978366149952873,20230614_ndvi_otsu_3c_binario
99,37.37244897959184,0.7543424468001902,58.08,-20.70755102040816,-35.65349693596447,20230614_ndvi_otsu_3c_binario
85,42.298850574712645,0.947433516800239,77.0500000000001,-34.75114942528745,-45.10207582775783,20230614_ndvi_otsu_3c_binario
97,62.396694214876035,0.7775133752001961,67.5,-5.103305785123965,-7.560453014998466,20230614_ndvi_otsu_3c_binario
86,46.55612244897959,0.939709874000237,80.57,-34.0138775510204,-42.21655399158546,20230614_ndvi_otsu_3c_binario
83,32.90816326530612,0.6642332808001675,48.26,-15.351836734693876,-31.810685318470526,20230614_ndvi_otsu_3c_binario
88,49.6,0.7981097560002013,55.34,-5.740000000000002,-10.37224430791471,20230614_ndvi_otsu_3c_binario
84,53.99408284023669,0.939709874000237,92.8400000000001,-38.84591715976341,-41.84178927161069,20230614_ndvi_otsu_3c_binario
78,43.01994301994302,0.7775133752001961,59.81,-16.79005698005698,-28.07232399273864,20230614_ndvi_otsu_3c_binario
87,46.15384615384615,0.7723642800001949,100.0,-53.84615384615385,-53.84615384615385,20230614_ndvi_otsu_3c_binario
79,58.879999999999995,0.947433516800239,67.82,-8.939999999999998,-13.18195222648186,20230614_ndvi_otsu_3c_binario
80,29.080932784636488,0.5458040912001376,31.35,-2.2690672153635134,-7.237853956502435,20230614_ndvi_otsu_3c_binario
81,47.72079772079772,0.8624734460002176,100.0,-52.27920227920228,-52.27920227920229,20230614_ndvi_otsu_3c_binario
77,46.42857142857143,0.903666207600228,100.0,-53.57142857142857,-53.57142857142857,20230614_ndvi_otsu_3c_binario
91,57.84615384615385,0.9680298976002442,100.0,-42.15384615384615,-42.15384615384615,20230614_ndvi_otsu_3c_binario
82,39.41798941798942,0.7672151848001935,34.94,4.47798941798942,12.81622615337556,20230614_ndvi_otsu_3c_binario
102,50.06858710562414,0.939709874000237,96.29,-46.22141289437587,-48.00229815596205,20230614_ndvi_otsu_3c_binario
105,31.878306878306876,0.6204659716001565,57.286,-25.407693121693125,-44.35236030041044,20230614_ndvi_otsu_3c_binario
101,37.333333333333336,0.5766986624001454,39.02,-1.6866666666666674,-4.322569622415857,20230614_ndvi_otsu_3c_binario
103,66.11570247933885,0.8238552320002078,78.83,-12.714297520661148,-16.128754941851007,20230614_ndvi_otsu_3c_binario
104,45.535714285714285,0.9191134932002318,86.89,-41.354285714285716,-47.593837857389474,20230614_ndvi_otsu_3c_binario
112,46.59763313609467,0.8109824940002045,61.97,-15.372366863905327,-24.80614307552901,20230614_ndvi_otsu_3c_binario
106,28.846153846153843,0.5020367820001266,41.505,-12.65884615384616,-30.499569097328415,20230614_ndvi_otsu_3c_binario
110,35.52,0.5715495672001442,64.27,-28.749999999999993,-44.73315699393184,20230614_ndvi_otsu_3c_binario
108,33.12,0.5329313532001344,48.24,-15.120000000000005,-31.34328358208956,20230614_ndvi_otsu_3c_binario
107,65.03623188405797,0.9242625884002331,85.94,-20.90376811594203,-24.32367711885272,20230614_ndvi_otsu_3c_binario
109,42.210144927536234,0.5998695908001513,66.43,-24.219855072463773,-36.45921281418602,20230614_ndvi_otsu_3c_binario
100,53.62318840579711,0.7620660896001922,55.14,-1.516811594202892,-2.7508371313073843,20230614_ndvi_otsu_3c_binario
111,35.58673469387755,0.7182987804001811,40.94,-5.353265306122445,-13.07588008334745,20230614_ndvi_otsu_3c_binario
96,33.29369797859691,0.7208733280001818,36.38,-3.0863020214030925,-8.483512978018396,20230614_ndvi_otsu_3c_binario
98,25.240054869684496,0.4737167584001195,43.41,-18.1699451303155,-41.85658864389657,20230614_ndvi_otsu_3c_binario
138,75.73696145124717,0.8598988984002169,56.86,18.87696145124717,33.199017677184614,20230614_ndvi_otsu_3c_binario
118,41.30434782608695,0.5380804484001357,69.95,-28.64565217391305,-40.95161139944682,20230614_ndvi_otsu_3c_binario
142,44.111111111111114,1.0220953972002578,100.0,-55.888888888888886,-55.888888888888886,20230614_ndvi_otsu_3c_binario
148,45.66326530612245,0.9216880408002325,60.25,-14.586734693877553,-24.210348039630794,20230614_ndvi_otsu_3c_binario
145,78.30578512396694,0.9757535404002461,90.67,-12.36421487603306,-13.636500359582065,20230614_ndvi_otsu_3c_binario
143,43.072702331961594,0.8084079464002039,71.43,-28.357297668038413,-39.69942274679884,20230614_ndvi_otsu_3c_binario
146,79.33884297520662,0.9886262784002493,85.4500000000001,-6.111157024793485,-7.151734376586867,20230614_ndvi_otsu_3c_binario
147,42.38683127572017,0.7955352084002006,42.37,0.016831275720171845,0.039724511966419275,20230614_ndvi_otsu_3c_binario
144,63.53846153846155,1.0632881588002683,85.91,-22.37153846153845,-26.040668678312713,20230614_ndvi_otsu_3c_binario
124,40.160000000000004,0.646211447600163,66.09,-25.93,-39.23437736420033,20230614_ndvi_otsu_3c_binario
116,65.625,0.9731789928002454,100.0,-34.375,-34.375,20230614_ndvi_otsu_3c_binario
140,47.53694581280788,0.9937753736002507,92.19,-44.65305418719212,-48.435897805827224,20230614_tvi2_otsu_3c_binario
123,31.48148148148148,0.6127423288001546,72.798,-41.31651851851852,-56.755018707270146,20230614_tvi2_otsu_3c_binario
141,66.45021645021644,0.7903861132001994,61.54,4.910216450216446,7.978902259045248,20230614_tvi2_otsu_3c_binario
139,43.895747599451305,0.8238552320002078,37.6,6.295747599451303,16.744009573008782,20230614_tvi2_otsu_3c_binario
134,56.51577503429356,1.0607136112002675,100.0,-43.48422496570644,-43.48422496570644,20230614_tvi2_otsu_3c_binario
137,74.24242424242425,0.8830698268002227,83.28,-9.037575757575752,-10.852036212266752,20230614_tvi2_otsu_3c_binario
132,37.69322235434007,0.8161315892002059,75.13,-37.43677764565992,-49.82933268422724,20230614_tvi2_otsu_3c_binario
136,59.42028985507246,0.844451612800213,34.33,25.090289855072463,73.08560983126264,20230614_tvi2_otsu_3c_binario
131,56.36094674556213,0.9809026356002474,100.0,-43.63905325443787,-43.63905325443787,20230614_tvi2_otsu_3c_binario
133,41.333333333333336,0.6384878048001611,82.91,-41.57666666666666,-50.146745466972206,20230614_tvi2_otsu_3c_binario
113,54.92307692307692,0.9191134932002318,79.9700000000001,-25.04692307692318,-31.32039899577735,20230614_tvi2_otsu_3c_binario
135,40.433673469387756,0.8161315892002059,64.33,-23.896326530612242,-37.146473699070796,20230614_tvi2_otsu_3c_binario
121,50.7396449704142,0.8830698268002227,57.13,-6.390355029585805,-11.185638070340985,20230614_tvi2_otsu_3c_binario
114,40.64039408866995,0.8496007080002143,100.0,-59.35960591133005,-59.35960591133005,20230614_tvi2_otsu_3c_binario
90,48.971193415637856,0.9191134932002318,100.0,-51.028806584362144,-51.028806584362144,20230614_tvi2_otsu_3c_binario
93,32.10463733650416,0.6951278520001754,35.882,-3.777362663495836,-10.527179821347294,20230614_tvi2_otsu_3c_binario
94,27.040816326530614,0.5458040912001376,45.13,-18.08918367346939,-40.08239236310522,20230614_tvi2_otsu_3c_binario
92,33.80102040816326,0.6822551140001721,100.0,-66.19897959183675,-66.19897959183675,20230614_tvi2_otsu_3c_binario
128,30.612244897959183,0.6178914240001558,50.72,-20.107755102040816,-39.64462756711518,20230614_tvi2_otsu_3c_binario
89,7.818930041152264,0.146749213200037,68.19,-60.371069958847734,-88.5336119062146,20230614_tvi2_otsu_3c_binario
126,43.19526627218935,0.7517678992001896,57.33,-14.134733727810648,-24.655038771691345,20230614_tvi2_otsu_3c_binario
125,37.31138545953361,0.7002769472001766,86.18,-48.868614540466396,-56.70528491583475,20230614_tvi2_otsu_3c_binario
127,53.99408284023669,0.939709874000237,96.3300000000001,-42.335917159763405,-43.948839572057885,20230614_tvi2_otsu_3c_binario
130,57.36961451247166,0.6513605428001643,100.0,-42.63038548752834,-42.63038548752834,20230614_tvi2_otsu_3c_binario
119,50.34722222222222,0.7466188040001883,67.61,-17.262777777777778,-25.532876464691284,20230614_tvi2_otsu_3c_binario
129,41.38461538461539,0.6925533044001747,77.2,-35.815384615384616,-46.39298525308888,20230614_tvi2_otsu_3c_binario
122,60.86956521739131,0.8290043272002091,39.64,21.22956521739131,53.55591629008908,20230614_tvi2_otsu_3c_binario
120,52.2633744855967,0.9809026356002474,80.01,-27.746625514403306,-34.67894702462605,20230614_tvi2_otsu_3c_binario
115,43.55555555555555,1.0092226592002544,76.27,-32.714444444444446,-42.89293882843116,20230614_tvi2_otsu_3c_binario
117,68.70748299319727,0.7800879228001968,59.772,8.935482993197276,14.949278915206579,20230614_tvi2_otsu_3c_binario
95,41.77693761814745,0.5689750196001435,48.39,-6.613062381852551,-13.66617561862482,20230614_tvi2_otsu_3c_binario
99,28.8265306122449,0.5818477576001467,58.08,-29.2534693877551,-50.36754371169956,20230614_tvi2_otsu_3c_binario
85,41.49425287356322,0.9294116836002344,77.0500000000001,-35.55574712643688,-46.14632982016461,20230614_tvi2_otsu_3c_binario
97,59.09090909090909,0.7363206136001857,67.5,-8.409090909090907,-12.457912457912453,20230614_tvi2_otsu_3c_binario
86,41.454081632653065,0.836727970000211,80.57,-39.11591836734693,-48.54898643086376,20230614_tvi2_otsu_3c_binario
83,14.030612244897958,0.28320023600007144,48.26,-34.22938775510204,-70.92703637609209,20230614_tvi2_otsu_3c_binario
88,49.919999999999995,0.8032588512002026,55.34,-5.420000000000009,-9.794000722804498,20230614_tvi2_otsu_3c_binario
84,52.071005917159766,0.9062407552002286,92.8400000000001,-40.76899408284034,-43.91317759892319,20230614_tvi2_otsu_3c_binario
78,20.22792022792023,0.36558575920009223,59.81,-39.58207977207977,-66.17970200983075,20230614_tvi2_otsu_3c_binario
87,43.84615384615385,0.7337460660001851,100.0,-56.15384615384615,-56.15384615384615,20230614_tvi2_otsu_3c_binario
79,52.0,0.836727970000211,67.82,-15.819999999999993,-23.326452373930987,20230614_tvi2_otsu_3c_binario
80,28.532235939643346,0.535505900800135,31.35,-2.817764060356655,-8.988083127134466,20230614_tvi2_otsu_3c_binario
81,47.008547008547005,0.8496007080002143,100.0,-52.991452991452995,-52.991452991452995,20230614_tvi2_otsu_3c_binario
77,46.164021164021165,0.8985171124002266,100.0,-53.835978835978835,-53.835978835978835,20230614_tvi2_otsu_3c_binario
91,52.46153846153846,0.8779207316002214,100.0,-47.53846153846154,-47.53846153846154,20230614_tvi2_otsu_3c_binario
82,39.81481481481482,0.7749388276001955,34.94,4.874814814814819,13.951959973711562,20230614_tvi2_otsu_3c_binario
102,43.484224965706446,0.8161315892002059,96.29,-52.80577503429356,-54.84035209709581,20230614_tvi2_otsu_3c_binario
105,31.878306878306876,0.6204659716001565,57.286,-25.407693121693125,-44.35236030041044,20230614_tvi2_otsu_3c_binario
101,39.0,0.602444138400152,39.02,-0.020000000000003126,-0.0512557662737138,20230614_tvi2_otsu_3c_binario
103,66.52892561983471,0.8290043272002091,78.83,-12.30107438016529,-15.604559660237587,20230614_tvi2_otsu_3c_binario
104,45.40816326530612,0.9165389456002312,86.89,-41.48183673469388,-47.74063382977774,20230614_tvi2_otsu_3c_binario
112,45.857988165680474,0.7981097560002013,61.97,-16.112011834319524,-25.999696360044418,20230614_tvi2_otsu_3c_binario
106,24.85207100591716,0.4325239968001091,41.505,-16.652928994082842,-40.12270568385217,20230614_tvi2_otsu_3c_binario
110,36.8,0.5921459480001493,64.27,-27.47,-42.74155904776723,20230614_tvi2_otsu_3c_binario
108,28.48,0.4582694728001156,48.24,-19.76,-40.96185737976783,20230614_tvi2_otsu_3c_binario
107,63.949275362318836,0.9088153028002293,85.94,-21.99072463768116,-25.588462459484713,20230614_tvi2_otsu_3c_binario
109,41.1231884057971,0.5844223052001474,66.43,-25.306811594202905,-38.09545626103101,20230614_tvi2_otsu_3c_binario
100,50.90579710144928,0.7234478756001824,55.14,-4.23420289855072,-7.679004168572217,20230614_tvi2_otsu_3c_binario
111,33.16326530612245,0.6693823760001688,40.94,-7.77673469387755,-18.995443805270032,20230614_tvi2_otsu_3c_binario
96,29.72651605231867,0.6436369000001624,36.38,-6.653483947681334,-18.288850873230714,20230614_tvi2_otsu_3c_binario
98,25.377229080932786,0.47629130600012015,43.41,-18.03277091906721,-41.540591843048176,20230614_tvi2_otsu_3c_binario
138,78.2312925170068,0.888218922000224,56.86,21.371292517006808,37.58581167254099,20230614_tvi2_otsu_3c_binario
118,38.3399209486166,0.499462234400126,69.95,-31.6100790513834,-45.18953402628077,20230614_tvi2_otsu_3c_binario
142,39.22222222222223,0.9088153028002293,100.0,-60.77777777777777,-60.77777777777777,20230614_tvi2_otsu_3c_binario
148,44.77040816326531,0.903666207600228,60.25,-15.479591836734691,-25.692268608688284,20230614_tvi2_otsu_3c_binario
145,78.30578512396694,0.9757535404002461,90.67,-12.36421487603306,-13.636500359582065,20230614_tvi2_otsu_3c_binario
143,39.09465020576132,0.7337460660001851,71.43,-32.33534979423869,-45.26858434024735,20230614_tvi2_otsu_3c_binario
146,75.20661157024794,0.9371353264002363,85.4500000000001,-10.243388429752159,-11.987581544472963,20230614_tvi2_otsu_3c_binario
147,42.79835390946502,0.8032588512002026,42.37,0.4283539094650237,1.010983973247637,20230614_tvi2_otsu_3c_binario
144,62.0,1.0375426828002616,85.91,-23.909999999999997,-27.831451519031543,20230614_tvi2_otsu_3c_binario
124,46.239999999999995,0.7440442564001877,66.09,-19.85000000000001,-30.0348010289,20230614_tvi2_otsu_3c_binario
116,66.49305555555556,0.9860517308002487,100.0,-33.50694444444444,-33.50694444444444,20230614_tvi2_otsu_3c_binario
140,45.40816326530612,0.9626239999998091,90.73,-45.32183673469388,-49.95242668874009,20231010_ndvi_otsu_3c_binario
123,44.58689458689459,0.8463519999998321,50.01,-5.423105413105411,-10.844042017807261,20231010_ndvi_otsu_3c_binario
141,71.20181405895691,0.8490559999998316,37.05,34.151814058956916,92.17763578665836,20231010_ndvi_otsu_3c_binario
139,43.072702331961594,0.8490559999998316,29.99,13.082702331961595,43.62354895619072,20231010_ndvi_otsu_3c_binario
134,60.35502958579882,1.1032319999997813,100.0,-39.64497041420118,-39.64497041420118,20231010_ndvi_otsu_3c_binario
137,74.37641723356009,0.8869119999998241,95.3000000000001,-20.923582766440006,-21.955490835718766,20231010_ndvi_otsu_3c_binario
132,39.03061224489796,0.827423999999836,60.71,-21.67938775510204,-35.70974757882069,20231010_ndvi_otsu_3c_binario
136,65.40642722117202,0.9355839999998145,24.01,41.39642722117202,172.41327455715125,20231010_ndvi_otsu_3c_binario
131,52.13675213675214,0.9896639999998037,100.0,-47.86324786324786,-47.86324786324786,20231010_ndvi_otsu_3c_binario
133,51.388888888888886,0.8003839999998412,58.82,-7.4311111111111146,-12.633646907703358,20231010_ndvi_otsu_3c_binario
113,54.333333333333336,0.8815039999998252,57.49,-3.1566666666666663,-5.490809995941323,20231010_ndvi_otsu_3c_binario
135,44.97354497354497,0.9193599999998177,66.27,-21.29645502645503,-32.135891091678026,20231010_ndvi_otsu_3c_binario
121,51.839999999999996,0.8760959999998262,47.16,4.68,9.923664122137405,20231010_ndvi_otsu_3c_binario
114,21.683673469387756,0.45967999999990883,61.42,-39.736326530612246,-64.69607054804989,20231010_ndvi_otsu_3c_binario
90,52.662721893491124,0.9626239999998091,100.0,-47.337278106508876,-47.337278106508876,20231010_ndvi_otsu_3c_binario
93,26.354679802955665,0.5786559999998853,25.35,1.004679802955664,3.9632339367087335,20231010_ndvi_otsu_3c_binario
94,29.761904761904763,0.6083999999998794,36.36,-6.598095238095237,-18.146576562418144,20231010_ndvi_otsu_3c_binario
92,34.43877551020408,0.7300799999998552,98.66,-64.22122448979592,-65.09347708270415,20231010_ndvi_otsu_3c_binario
128,28.835978835978835,0.5894719999998831,25.16,3.6759788359788352,14.610408728055784,20231010_ndvi_otsu_3c_binario
89,47.337278106508876,0.8652799999998284,49.86,-2.5227218934911235,-5.059610696933661,20231010_ndvi_otsu_3c_binario
126,40.76923076923077,0.7165599999998579,32.25,8.519230769230766,26.416219439475245,20231010_ndvi_otsu_3c_binario
125,37.60683760683761,0.7138559999998584,36.83,0.7768376068376099,2.109252258587049,20231010_ndvi_otsu_3c_binario
127,41.6,0.7030399999998606,100.0,-58.4,-58.4,20231010_ndvi_otsu_3c_binario
130,71.75,0.7760479999998461,60.35,11.399999999999999,18.88980944490472,20231010_ndvi_otsu_3c_binario
119,36.41304347826087,0.5435039999998922,50.01,-13.59695652173913,-27.18847534840858,20231010_ndvi_otsu_3c_binario
129,45.0,0.7300799999998552,63.0,-18.0,-28.57142857142857,20231010_ndvi_otsu_3c_binario
122,57.11462450592886,0.781455999999845,33.27,23.844624505928856,71.6700466063386,20231010_ndvi_otsu_3c_binario
120,49.794238683127574,0.9815519999998054,58.19,-8.395761316872424,-14.428185799746391,20231010_ndvi_otsu_3c_binario
115,30.804597701149426,0.7246719999998563,43.11,-12.305402298850574,-28.54419461575174,20231010_ndvi_otsu_3c_binario
117,75.23809523809524,0.8544639999998306,45.7,29.538095238095238,64.6347817026154,20231010_ndvi_otsu_3c_binario
95,43.28922495274102,0.6192159999998772,37.05,6.239224952741026,16.84001336772207,20231010_ndvi_otsu_3c_binario
99,45.267489711934154,0.892319999999823,33.06,12.207489711934151,36.9252562369454,20231010_ndvi_otsu_3c_binario
85,44.642857142857146,0.9463999999998123,64.05,-19.40714285714285,-30.29998884799821,20231010_ndvi_otsu_3c_binario
97,64.28571428571429,0.8030879999998407,42.798,21.48771428571429,50.20728605475557,20231010_ndvi_otsu_3c_binario
86,41.56378600823045,0.8193119999998375,78.19,-36.626213991769546,-46.842580882171056,20231010_ndvi_otsu_3c_binario
83,34.92063492063492,0.7138559999998584,93.83,-58.90936507936508,-62.78308118870839,20231010_ndvi_otsu_3c_binario
88,48.78472222222222,0.7598239999998493,36.95,11.834722222222219,32.02901819275296,20231010_ndvi_otsu_3c_binario
84,51.4792899408284,0.9409919999998134,30.76,20.7192899408284,67.35789967759558,20231010_ndvi_otsu_3c_binario
78,43.934911242603555,0.8030879999998407,76.326,-32.39108875739644,-42.43781772580306,20231010_ndvi_otsu_3c_binario
87,49.13194444444444,0.7652319999998483,75.19,-26.058055555555555,-34.65627816937832,20231010_ndvi_otsu_3c_binario
79,60.83333333333333,0.9869599999998043,80.6,-19.766666666666666,-24.524400330851943,20231010_ndvi_otsu_3c_binario
80,30.315500685871054,0.5975839999998815,42.25,-11.934499314128946,-28.24733565474307,20231010_ndvi_otsu_3c_binario
81,47.337278106508876,0.8652799999998284,62.922,-15.584721893491121,-24.768319337419538,20231010_ndvi_otsu_3c_binario
77,49.287749287749286,0.9355839999998145,76.72,-27.432250712250713,-35.756322617636485,20231010_ndvi_otsu_3c_binario
91,61.0,0.9896639999998037,84.03,-23.03,-27.406878495775324,20231010_ndvi_otsu_3c_binario
82,42.16524216524217,0.8003839999998412,48.79,-6.62475783475783,-13.578105830616579,20231010_ndvi_otsu_3c_binario
102,45.58404558404558,0.8652799999998284,46.16,-0.5759544159544134,-1.2477348699185735,20231010_ndvi_otsu_3c_binario
105,29.629629629629626,0.5840639999998842,43.67,-14.040370370370375,-32.15106565232511,20231010_ndvi_otsu_3c_binario
101,34.375,0.5353919999998938,48.08,-13.704999999999998,-28.50457570715474,20231010_ndvi_otsu_3c_binario
103,68.02721088435374,0.8111999999998392,71.26,-3.23278911564627,-4.536611164252413,20231010_ndvi_otsu_3c_binario
104,45.1530612244898,0.9572159999998102,54.65,-9.496938775510202,-17.377747073211715,20231010_ndvi_otsu_3c_binario
112,47.16666666666667,0.7652319999998483,42.61,4.556666666666672,10.69389032308536,20231010_ndvi_otsu_3c_binario
106,33.6,0.5678399999998874,34.6,-1.0,-2.8901734104046244,20231010_ndvi_otsu_3c_binario
110,34.72222222222222,0.5407999999998927,74.21,-39.48777777777777,-53.210858075431574,20231010_ndvi_otsu_3c_binario
108,33.15972222222222,0.5164639999998976,37.35,-4.19027777777778,-11.218949873568352,20231010_ndvi_otsu_3c_binario
107,59.60144927536232,0.8896159999998235,62.92,-3.3185507246376815,-5.274238278190848,20231010_ndvi_otsu_3c_binario
109,41.77693761814745,0.5975839999998815,30.83,10.946937618147452,35.50742010427328,20231010_ndvi_otsu_3c_binario
100,55.765595463138,0.7976799999998418,41.67,14.095595463137997,33.82672297369329,20231010_ndvi_otsu_3c_binario
111,35.80246913580247,0.70574399999986,28.3,7.5024691358024675,26.510491645945116,20231010_ndvi_otsu_3c_binario
96,34.94897959183674,0.7408959999998531,49.94,-14.991020408163259,-30.0180624913161,20231010_ndvi_otsu_3c_binario
98,33.13609467455622,0.6056959999998799,15.03,18.106094674556218,120.46636510017443,20231010_ndvi_otsu_3c_binario
138,79.52380952380952,0.9031359999998209,32.03,47.49380952380952,148.27914306528103,20231010_ndvi_otsu_3c_binario
118,48.616600790513836,0.6651839999998681,45.36,3.2566007905138363,7.179455005541967,20231010_ndvi_otsu_3c_binario
142,46.7816091954023,1.1005279999997817,100.0,-53.2183908045977,-53.2183908045977,20231010_ndvi_otsu_3c_binario
148,46.63923182441701,0.9193599999998177,34.71,11.929231824417009,34.36828529074333,20231010_ndvi_otsu_3c_binario
145,73.34710743801654,0.9599199999998096,64.34,9.007107438016533,13.999234438943942,20231010_ndvi_otsu_3c_binario
143,46.74556213017752,0.8544639999998306,71.85,-25.104437869822476,-34.94006662466594,20231010_ndvi_otsu_3c_binario
146,80.95238095238095,1.0112959999997995,100.0,-19.04761904761905,-19.04761904761905,20231010_ndvi_otsu_3c_binario
147,41.88034188034188,0.7949759999998424,29.0,12.88034188034188,44.414972001178896,20231010_ndvi_otsu_3c_binario
144,62.72,1.0599679999997897,68.25,-5.530000000000001,-8.102564102564104,20231010_ndvi_otsu_3c_binario
124,51.041666666666664,0.7949759999998424,50.62,0.42166666666666686,0.8330040827077575,20231010_ndvi_otsu_3c_binario
116,59.05797101449275,0.8815039999998252,68.97,-9.912028985507249,-14.371507880973247,20231010_ndvi_otsu_3c_binario
140,40.68877551020408,0.8625759999998289,90.73,-50.04122448979592,-55.15400031940474,20231010_tvi2_otsu_3c_binario
123,17.806267806267805,0.33799999999993297,50.01,-32.20373219373219,-64.39458547037032,20231010_tvi2_otsu_3c_binario
141,58.049886621315196,0.6922239999998627,37.05,20.9998866213152,56.679855927976256,20231010_tvi2_otsu_3c_binario
139,34.705075445816185,0.6841119999998644,29.99,4.715075445816186,15.722158872344739,20231010_tvi2_otsu_3c_binario
134,59.46745562130178,1.0870079999997844,100.0,-40.53254437869822,-40.53254437869822,20231010_tvi2_otsu_3c_binario
137,68.70748299319727,0.8193119999998375,95.3000000000001,-26.592517006802822,-27.90400525372801,20231010_tvi2_otsu_3c_binario
132,29.336734693877553,0.6219199999998767,60.71,-31.37326530612245,-51.67726125205476,20231010_tvi2_otsu_3c_binario
136,43.28922495274102,0.6192159999998772,24.01,19.27922495274102,80.2966470334903,20231010_tvi2_otsu_3c_binario
131,51.42450142450142,0.9761439999998064,100.0,-48.57549857549858,-48.57549857549858,20231010_tvi2_otsu_3c_binario
133,39.75694444444444,0.6192159999998772,58.82,-19.063055555555557,-32.409138992784015,20231010_tvi2_otsu_3c_binario
113,48.833333333333336,0.7922719999998429,57.49,-8.656666666666666,-15.057691192671188,20231010_tvi2_otsu_3c_binario
135,28.835978835978835,0.5894719999998831,66.27,-37.43402116402116,-56.48713017054649,20231010_tvi2_otsu_3c_binario
121,26.56,0.448863999999911,47.16,-20.599999999999998,-43.681085665818486,20231010_tvi2_otsu_3c_binario
114,28.69897959183674,0.6083999999998794,61.42,-32.72102040816326,-53.27421101947779,20231010_tvi2_otsu_3c_binario
90,34.171597633136095,0.6246239999998762,100.0,-65.82840236686391,-65.82840236686391,20231010_tvi2_otsu_3c_binario
93,5.911330049261084,0.12979199999997426,25.35,-19.43866995073892,-76.6811437898971,20231010_tvi2_otsu_3c_binario
94,19.047619047619047,0.3893759999999228,36.36,-17.312380952380952,-47.613808999947615,20231010_tvi2_otsu_3c_binario
92,25.637755102040817,0.5435039999998922,98.66,-73.02224489795918,-74.01403293934644,20231010_tvi2_otsu_3c_binario
128,22.883597883597883,0.4677919999999072,25.16,-2.2764021164021173,-9.047703165350228,20231010_tvi2_otsu_3c_binario
89,11.68639053254438,0.21361599999995765,49.86,-38.17360946745562,-76.56159139080549,20231010_tvi2_otsu_3c_binario
126,22.76923076923077,0.4001919999999206,32.25,-9.48076923076923,-29.39773404889684,20231010_tvi2_otsu_3c_binario
125,38.034188034188034,0.7219679999998568,36.83,1.2041880341880358,3.2695846706164424,20231010_tvi2_otsu_3c_binario
127,40.32,0.6814079999998649,100.0,-59.68,-59.68,20231010_tvi2_otsu_3c_binario
130,64.5,0.6976319999998617,60.35,4.149999999999999,6.876553438276717,20231010_tvi2_otsu_3c_binario
119,30.79710144927536,0.45967999999990883,50.01,-19.21289855072464,-38.41811347875353,20231010_tvi2_otsu_3c_binario
129,34.833333333333336,0.565135999999888,63.0,-28.166666666666664,-44.7089947089947,20231010_tvi2_otsu_3c_binario
122,32.80632411067194,0.448863999999911,33.27,-0.4636758893280657,-1.3936756517224698,20231010_tvi2_otsu_3c_binario
120,43.072702331961594,0.8490559999998316,58.19,-15.117297668038404,-25.9792020416539,20231010_tvi2_otsu_3c_binario
115,23.448275862068964,0.5516159999998906,43.11,-19.661724137931035,-45.60826754333341,20231010_tvi2_otsu_3c_binario
117,49.523809523809526,0.5624319999998885,45.7,3.8238095238095227,8.367198082734184,20231010_tvi2_otsu_3c_binario
95,20.982986767485823,0.30014399999994046,37.05,-16.067013232514174,-43.365757712588874,20231010_tvi2_otsu_3c_binario
99,12.757201646090536,0.2514719999999501,33.06,-20.302798353909466,-61.411973242315376,20231010_tvi2_otsu_3c_binario
85,37.244897959183675,0.7895679999998434,64.05,-26.805102040816323,-41.85027641032993,20231010_tvi2_otsu_3c_binario
97,22.943722943722943,0.28662399999994315,42.798,-19.85427705627706,-46.39066558315122,20231010_tvi2_otsu_3c_binario
86,35.80246913580247,0.70574399999986,78.19,-42.38753086419753,-54.21093600741467,20231010_tvi2_otsu_3c_binario
83,23.677248677248677,0.484015999999904,93.83,-70.15275132275133,-74.76580126052576,20231010_tvi2_otsu_3c_binario
88,46.35416666666667,0.7219679999998568,36.95,9.404166666666669,25.451059990978802,20231010_tvi2_otsu_3c_binario
84,47.485207100591715,0.8679839999998279,30.76,16.725207100591714,54.3732350474373,20231010_tvi2_otsu_3c_binario
78,11.242603550295858,0.20550399999995925,76.326,-65.08339644970414,-85.27028332377454,20231010_tvi2_otsu_3c_binario
87,39.40972222222222,0.6138079999998782,75.19,-35.780277777777776,-47.58648460935999,20231010_tvi2_otsu_3c_binario
79,50.83333333333333,0.8247199999998365,80.6,-29.766666666666666,-36.9313482216708,20231010_tvi2_otsu_3c_binario
80,20.713305898491083,0.408303999999919,42.25,-21.536694101508917,-50.974423908896846,20231010_tvi2_otsu_3c_binario
81,44.52662721893491,0.8139039999998386,62.922,-18.395372781065085,-29.23520037676025,20231010_tvi2_otsu_3c_binario
77,48.433048433048434,0.9193599999998177,76.72,-28.286951566951565,-36.87037482657921,20231010_tvi2_otsu_3c_binario
91,60.0,0.9734399999998069,84.03,-24.03,-28.596929667975722,20231010_tvi2_otsu_3c_binario
82,35.04273504273504,0.6651839999998681,48.79,-13.74726495726496,-28.176398764634065,20231010_tvi2_otsu_3c_binario
102,25.071225071225072,0.4759039999999056,46.16,-21.088774928774924,-45.68625417845521,20231010_tvi2_otsu_3c_binario
105,22.770919067215363,0.448863999999911,43.67,-20.89908093278464,-47.85683749206466,20231010_tvi2_otsu_3c_binario
101,21.70138888888889,0.33799999999993297,48.08,-26.37861111111111,-54.863999815122945,20231010_tvi2_otsu_3c_binario
103,59.63718820861678,0.711151999999859,71.26,-11.622811791383228,-16.31042912066128,20231010_tvi2_otsu_3c_binario
104,31.63265306122449,0.6705919999998671,54.65,-23.017346938775507,-42.11774371230651,20231010_tvi2_otsu_3c_binario
112,41.833333333333336,0.6787039999998654,42.61,-0.7766666666666637,-1.8227333176875467,20231010_tvi2_otsu_3c_binario
106,17.599999999999998,0.29743999999994103,34.6,-17.000000000000004,-49.13294797687862,20231010_tvi2_otsu_3c_binario
110,28.125,0.4380479999999131,74.21,-46.084999999999994,-62.10079504109957,20231010_tvi2_otsu_3c_binario
108,18.055555555555554,0.28121599999994423,37.35,-19.294444444444448,-51.658485795031986,20231010_tvi2_otsu_3c_binario
107,47.10144927536232,0.7030399999998606,62.92,-15.818550724637682,-25.14073541741526,20231010_tvi2_otsu_3c_binario
109,39.50850661625709,0.565135999999888,30.83,8.678506616257089,28.14955113933535,20231010_tvi2_otsu_3c_binario
100,27.032136105860115,0.3866719999999233,41.67,-14.637863894139887,-35.12806310088766,20231010_tvi2_otsu_3c_binario
111,23.868312757201647,0.4704959999999067,28.3,-4.431687242798354,-15.659672236036586,20231010_tvi2_otsu_3c_binario
96,14.795918367346939,0.31366399999993777,49.94,-35.144081632653055,-70.37261039778345,20231010_tvi2_otsu_3c_binario
98,9.467455621301776,0.17305599999996568,15.03,-5.562544378698224,-37.00960997137874,20231010_tvi2_otsu_3c_binario
138,70.47619047619048,0.8003839999998412,32.03,38.44619047619048,120.03181541114729,20231010_tvi2_otsu_3c_binario
118,20.75098814229249,0.2839199999999437,45.36,-24.60901185770751,-54.252671643975994,20231010_tvi2_otsu_3c_binario
142,45.51724137931035,1.0707839999997877,100.0,-54.48275862068965,-54.48275862068965,20231010_tvi2_otsu_3c_binario
148,38.820301783264746,0.7652319999998483,34.71,4.110301783264745,11.841837462589297,20231010_tvi2_otsu_3c_binario
145,73.7603305785124,0.9653279999998086,64.34,9.420330578512392,14.641483647050654,20231010_tvi2_otsu_3c_binario
143,37.426035502958584,0.6841119999998644,71.85,-34.42396449704141,-47.91087612671039,20231010_tvi2_otsu_3c_binario
146,61.25541125541125,0.7652319999998483,100.0,-38.74458874458875,-38.74458874458875,20231010_tvi2_otsu_3c_binario
147,26.638176638176635,0.5056479999998997,29.0,-2.3618233618233653,-8.144218489046088,20231010_tvi2_otsu_3c_binario
144,53.92,0.9112479999998193,68.25,-14.329999999999998,-20.996336996336996,20231010_tvi2_otsu_3c_binario
124,30.208333333333332,0.4704959999999067,50.62,-20.411666666666665,-40.32332411431582,20231010_tvi2_otsu_3c_binario
116,44.927536231884055,0.6705919999998671,68.97,-24.042463768115944,-34.859306608838544,20231010_tvi2_otsu_3c_binario
140,45.89774078478002,0.9684771265999932,45.83,0.0677407847800211,0.1478088256164545,20240516_ndvi_otsu_3c_binario
123,46.683673469387756,0.9182969645999935,27.28,19.403673469387755,71.1278352983422,20240516_ndvi_otsu_3c_binario
141,69.62809917355372,0.845535729699994,46.9,22.728099173553723,48.46076582847276,20240516_ndvi_otsu_3c_binario
139,44.047619047619044,0.8354996972999941,55.68,-11.632380952380956,-20.89148877941982,20240516_ndvi_otsu_3c_binario
134,57.936507936507944,1.0989455477999923,100.0,-42.063492063492056,-42.063492063492056,20240516_ndvi_otsu_3c_binario
137,72.10743801652893,0.8756438268999939,100.0,-27.89256198347107,-27.89256198347107,20240516_ndvi_otsu_3c_binario
132,36.7816091954023,0.8028825919999943,33.5,3.2816091954022966,9.795848344484467,20240516_ndvi_otsu_3c_binario
136,38.88888888888889,0.5620178143999961,20.16,18.728888888888893,92.90123456790124,20240516_ndvi_otsu_3c_binario
131,53.90946502057613,0.9860401832999931,100.0,-46.09053497942387,-46.09053497942387,20240516_ndvi_otsu_3c_binario
113,53.99408284023669,0.9157879564999936,53.97,0.02408284023669438,0.044622642647201005,20240516_ndvi_otsu_3c_binario
135,40.39408866995074,0.8229546567999942,96.77,-56.375911330049256,-58.257632871808674,20240516_ndvi_otsu_3c_binario
121,52.81065088757396,0.8957158916999937,33.66,19.150650887573967,56.89438766361845,20240516_ndvi_otsu_3c_binario
114,45.422116527942926,0.9584410941999932,91.5100000000002,-46.08788347205728,-50.36376731729557,20240516_ndvi_otsu_3c_binario
90,2.3319615912208507,0.0426531376999997,30.13,-27.79803840877915,-92.2603332518392,20240516_ndvi_otsu_3c_binario
93,5.555555555555555,0.12545040499999913,11.61,-6.054444444444444,-52.14853095990046,20240516_ndvi_otsu_3c_binario
94,3.6945812807881775,0.07527024299999947,10.15,-6.455418719211822,-63.600184425732245,20240516_ndvi_otsu_3c_binario
92,4.5184304399524375,0.09534230779999933,7.21,-2.6915695600475624,-37.33106185918949,20240516_ndvi_otsu_3c_binario
128,4.756242568370987,0.10036032399999929,12.0,-7.243757431629013,-60.36464526357511,20240516_ndvi_otsu_3c_binario
89,1.3717421124828533,0.025090080999999823,2.06,-0.6882578875171468,-33.410577063939165,20240516_ndvi_otsu_3c_binario
125,10.2880658436214,0.18817560749999868,21.67,-11.381934156378602,-52.523923195101986,20240516_ndvi_otsu_3c_binario
127,6.695156695156696,0.11792338069999916,3.95,2.7451566951566955,69.49763785206824,20240516_ndvi_otsu_3c_binario
130,17.38095238095238,0.1831575912999987,12.37,5.01095238095238,40.50891172960696,20240516_ndvi_otsu_3c_binario
119,60.416666666666664,0.8731348187999939,71.32,-10.903333333333329,-15.287904281174047,20240516_ndvi_otsu_3c_binario
129,17.011834319526628,0.28853593149999796,17.02,-0.00816568047337185,-0.047976971053888665,20240516_ndvi_otsu_3c_binario
122,55.765595463138,0.7401573894999948,44.18,11.585595463137999,26.223620333042096,20240516_ndvi_otsu_3c_binario
120,53.086419753086425,0.9709861346999932,96.15,-43.06358024691358,-44.78791497338906,20240516_ndvi_otsu_3c_binario
115,38.29344432882414,0.9233149807999935,61.13,-22.836555671175866,-37.35736245898227,20240516_ndvi_otsu_3c_binario
117,71.65532879818595,0.7928465595999944,76.04,-4.384671201814058,-5.766269334316225,20240516_ndvi_otsu_3c_binario
95,21.550094517958414,0.28602692339999797,11.66,9.890094517958413,84.82070770118708,20240516_ndvi_otsu_3c_binario
99,14.26872770511296,0.3010809719999979,27.69,-13.421272294887041,-48.469744654702204,20240516_ndvi_otsu_3c_binario
97,33.88429752066116,0.4114773283999971,12.65,21.23429752066116,167.86005945186687,20240516_ndvi_otsu_3c_binario
88,50.4,0.7903375514999944,71.11,-20.71,-29.12389256082126,20240516_ndvi_otsu_3c_binario
84,53.69822485207101,0.9107699402999936,64.79,-11.091775147928999,-17.119578866999532,20240516_ndvi_otsu_3c_binario
78,42.79835390946502,0.7828105271999944,54.15,-11.351646090534977,-20.963335347248343,20240516_ndvi_otsu_3c_binario
87,47.84615384615385,0.7803015190999945,100.0,-52.15384615384615,-52.15384615384615,20240516_ndvi_otsu_3c_binario
79,62.56,0.9810221670999931,100.0,-37.44,-37.44,20240516_ndvi_otsu_3c_binario
80,40.07936507936508,0.7602294542999947,24.67,15.409365079365081,62.461958165241505,20240516_ndvi_otsu_3c_binario
81,48.28532235939643,0.8831708511999938,100.0,-51.71467764060357,-51.71467764060357,20240516_ndvi_otsu_3c_binario
77,48.94179894179894,0.9283329969999935,100.0,-51.05820105820106,-51.05820105820106,20240516_ndvi_otsu_3c_binario
91,4.769230769230769,0.07777925109999945,8.93,-4.1607692307692306,-46.593160478938756,20240516_ndvi_otsu_3c_binario
82,42.98941798941799,0.8154276324999943,61.12,-18.13058201058201,-29.66391035762764,20240516_ndvi_otsu_3c_binario
102,51.85185185185185,0.9484050617999933,33.63,18.221851851851845,54.18332397220292,20240516_ndvi_otsu_3c_binario
105,30.22959183673469,0.5946349196999958,54.91,-24.680408163265305,-44.94701905530014,20240516_ndvi_otsu_3c_binario
103,68.18181818181817,0.8279726729999942,74.9100000000001,-6.728181818181923,-8.981687115447755,20240516_ndvi_otsu_3c_binario
104,45.91836734693878,0.9032429159999936,100.0,-54.08163265306122,-54.08163265306122,20240516_ndvi_otsu_3c_binario
112,48.96449704142012,0.8304816810999941,65.3500000000001,-16.385502958579977,-25.073455177628084,20240516_ndvi_otsu_3c_binario
106,45.41420118343195,0.7702654866999946,52.87,-7.455798816568048,-14.102135079568844,20240516_ndvi_otsu_3c_binario
110,36.480000000000004,0.5720538467999959,64.78,-28.299999999999997,-43.68632293917875,20240516_ndvi_otsu_3c_binario
108,35.20710059171598,0.5971439277999958,95.57,-60.362899408284015,-63.160928542726815,20240516_ndvi_otsu_3c_binario
107,63.71527777777778,0.9208059726999935,60.39,3.325277777777778,5.506338429835698,20240516_ndvi_otsu_3c_binario
109,42.01388888888889,0.6071799601999958,19.67,22.34388888888889,113.59374117381236,20240516_ndvi_otsu_3c_binario
100,16.493055555555554,0.23835576949999832,16.3,0.19305555555555287,1.18438991138376,20240516_ndvi_otsu_3c_binario
111,38.525564803805,0.8129186243999943,67.91,-29.384435196195,-43.26967338565012,20240516_ndvi_otsu_3c_binario
96,22.11652794292509,0.46667550659999674,30.96,-8.843472057074912,-28.56418623086212,20240516_ndvi_otsu_3c_binario
98,18.51851851851852,0.35126113399999753,15.19,3.3285185185185195,21.91256430887768,20240516_ndvi_otsu_3c_binario
138,67.80045351473923,0.7501934218999947,43.53,24.27045351473923,55.75569380826839,20240516_ndvi_otsu_3c_binario
118,51.449275362318836,0.712558300399995,41.63,9.819275362318834,23.58701744491673,20240516_ndvi_otsu_3c_binario
142,48.333333333333336,1.0914185234999922,55.62,-7.286666666666662,-13.1008030684406,20240516_ndvi_otsu_3c_binario
148,17.72959183673469,0.34875212589999754,30.14,-12.41040816326531,-41.17587313624853,20240516_ndvi_otsu_3c_binario
145,16.824196597353495,0.22330172089999842,15.39,1.4341965973534947,9.319016227118224,20240516_ndvi_otsu_3c_binario
143,12.345679012345679,0.2258107289999984,18.78,-6.434320987654322,-34.2615601046556,20240516_ndvi_otsu_3c_binario
146,7.312252964426877,0.09283329969999934,9.72,-2.4077470355731236,-24.771060036760527,20240516_ndvi_otsu_3c_binario
147,23.14814814814815,0.43907641749999693,61.08,-37.931851851851846,-62.10191855247519,20240516_ndvi_otsu_3c_binario
144,13.313609467455622,0.2258107289999984,7.36,5.953609467455622,80.89143298173398,20240516_ndvi_otsu_3c_binario
124,49.919999999999995,0.7828105271999944,27.4,22.519999999999996,82.1897810218978,20240516_ndvi_otsu_3c_binario
116,67.53472222222221,0.9760041508999932,84.19,-16.655277777777783,-19.782964458697926,20240516_ndvi_otsu_3c_binario
169,38.95747599451303,0.712558300399995,53.3,-14.342524005486965,-26.909050666954908,20240516_ndvi_otsu_3c_binario
171,57.98816568047337,0.9835311751999931,79.86,-21.871834319526627,-27.387721411879074,20240516_ndvi_otsu_3c_binario
173,43.84057971014493,0.6071799601999958,73.13,-29.289420289855066,-40.05116954718319,20240516_ndvi_otsu_3c_binario
170,47.863247863247864,0.843026721599994,100.0,-52.136752136752136,-52.13675213675214,20240516_ndvi_otsu_3c_binario
172,47.16748768472907,0.9609501022999932,100.0,-52.83251231527093,-52.83251231527093,20240516_ndvi_otsu_3c_binario
140,44.23305588585018,0.9333510131999935,45.83,-1.5969441141498208,-3.484495121426622,20240516_tvi2_otsu_3c_binario
123,47.32142857142857,0.9308420050999935,27.28,20.04142857142857,73.46564725596983,20240516_tvi2_otsu_3c_binario
141,72.52066115702479,0.8806618430999938,46.9,25.62066115702479,54.62827538811257,20240516_tvi2_otsu_3c_binario
139,46.82539682539682,0.8881888673999937,55.68,-8.854603174603177,-15.902663747491339,20240516_tvi2_otsu_3c_binario
134,58.46560846560847,1.1089815801999923,100.0,-41.53439153439153,-41.53439153439153,20240516_tvi2_otsu_3c_binario
137,69.21487603305785,0.840517713499994,100.0,-30.78512396694215,-30.78512396694215,20240516_tvi2_otsu_3c_binario
132,38.62068965517241,0.843026721599994,33.5,5.120689655172413,15.285640761708693,20240516_tvi2_otsu_3c_binario
136,46.18055555555556,0.6673961545999954,20.16,26.020555555555557,129.0702160493827,20240516_tvi2_otsu_3c_binario
131,53.90946502057613,0.9860401832999931,100.0,-46.09053497942387,-46.09053497942387,20240516_tvi2_otsu_3c_binario
113,55.325443786982255,0.9383690293999933,53.97,1.3554437869822564,2.511476351643981,20240516_tvi2_otsu_3c_binario
135,43.34975369458128,0.8831708511999938,96.77,-53.420246305418715,-55.20331332584346,20240516_tvi2_otsu_3c_binario
121,54.28994082840237,0.9208059726999935,33.66,20.629940828402376,61.28918843850973,20240516_tvi2_otsu_3c_binario
114,45.65992865636147,0.9634591103999932,91.5100000000002,-45.85007134363873,-50.103891753511775,20240516_tvi2_otsu_3c_binario
90,3.4293552812071333,0.06272520249999956,30.13,-26.700644718792866,-88.61813713505764,20240516_tvi2_otsu_3c_binario
93,12.555555555555555,0.283517915299998,11.61,0.9455555555555559,8.144320030624943,20240516_tvi2_otsu_3c_binario
94,9.236453201970443,0.18817560749999868,10.15,-0.9135467980295573,-9.000461064330613,20240516_tvi2_otsu_3c_binario
92,5.469678953626635,0.11541437259999919,7.21,-1.7403210463733654,-24.137601197966234,20240516_tvi2_otsu_3c_binario
128,17.122473246135552,0.3612971663999974,12.0,5.122473246135552,42.6872770511296,20240516_tvi2_otsu_3c_binario
89,2.880658436213992,0.05268917009999963,2.06,0.8206584362139919,39.83778816572776,20240516_tvi2_otsu_3c_binario
125,16.049382716049383,0.29355394769999793,21.67,-5.620617283950619,-25.93732018435911,20240516_tvi2_otsu_3c_binario
127,15.527065527065528,0.2734818828999981,3.95,11.577065527065528,293.0902665079881,20240516_tvi2_otsu_3c_binario
130,29.28571428571429,0.3086079962999978,12.37,16.915714285714287,136.74789236632407,20240516_tvi2_otsu_3c_binario
119,56.770833333333336,0.8204456486999943,71.32,-14.549166666666657,-20.399841091792847,20240516_tvi2_otsu_3c_binario
129,32.84023668639053,0.5569997981999961,17.02,15.820236686390533,92.95086184718292,20240516_tvi2_otsu_3c_binario
122,61.247637051039696,0.8129186243999943,44.18,17.067637051039696,38.632044026798766,20240516_tvi2_otsu_3c_binario
120,54.046639231824415,0.9885491913999931,96.15,-42.10336076817559,-43.78924676877337,20240516_tvi2_otsu_3c_binario
115,39.64620187304891,0.9559320860999933,61.13,-21.483798126951093,-35.1444431980224,20240516_tvi2_otsu_3c_binario
117,71.20181405895691,0.7878285433999944,76.04,-4.838185941043093,-6.362685351187655,20240516_tvi2_otsu_3c_binario
95,30.434782608695656,0.40395030409999716,11.66,18.774782608695656,161.01871877097474,20240516_tvi2_otsu_3c_binario
99,21.640903686087988,0.4566394741999968,27.69,-6.049096313912013,-21.845779392965017,20240516_tvi2_otsu_3c_binario
97,44.62809917355372,0.5419457495999962,12.65,31.978099173553723,252.79129781465394,20240516_tvi2_otsu_3c_binario
88,54.559999999999995,0.855571762099994,71.11,-16.550000000000004,-23.273801153143022,20240516_tvi2_otsu_3c_binario
84,55.62130177514793,0.9433870455999933,64.79,-9.16869822485208,-14.151409515128998,20240516_tvi2_otsu_3c_binario
78,43.484224965706446,0.7953555676999944,54.15,-10.665775034293553,-19.696722131659378,20240516_tvi2_otsu_3c_binario
87,47.23076923076923,0.7702654866999946,100.0,-52.76923076923077,-52.76923076923077,20240516_tvi2_otsu_3c_binario
79,62.56,0.9810221670999931,100.0,-37.44,-37.44,20240516_tvi2_otsu_3c_binario
80,43.12169312169312,0.8179366405999943,24.67,18.45169312169312,74.79405399956674,20240516_tvi2_otsu_3c_binario
81,48.28532235939643,0.8831708511999938,100.0,-51.71467764060357,-51.71467764060357,20240516_tvi2_otsu_3c_binario
77,49.2063492063492,0.9333510131999935,100.0,-50.7936507936508,-50.793650793650805,20240516_tvi2_otsu_3c_binario
91,6.153846153846154,0.10036032399999929,8.93,-2.7761538461538455,-31.087949005082262,20240516_tvi2_otsu_3c_binario
82,44.31216931216932,0.840517713499994,61.12,-16.80783068783068,-27.499722984016167,20240516_tvi2_otsu_3c_binario
102,52.674897119341566,0.9634591103999932,33.63,19.044897119341563,56.630678320968066,20240516_tvi2_otsu_3c_binario
105,35.204081632653065,0.6924862355999951,54.91,-19.705918367346932,-35.88766776060268,20240516_tvi2_otsu_3c_binario
103,74.79338842975206,0.9082609321999936,74.9100000000001,-0.1166115702480397,-0.15566889633966033,20240516_tvi2_otsu_3c_binario
104,47.32142857142857,0.9308420050999935,100.0,-52.67857142857143,-52.67857142857143,20240516_tvi2_otsu_3c_binario
112,51.4792899408284,0.8731348187999939,65.3500000000001,-13.870710059171692,-21.225264053820464,20240516_tvi2_otsu_3c_binario
106,47.0414201183432,0.7978645757999944,52.87,-5.8285798816568,-11.024361417924721,20240516_tvi2_otsu_3c_binario
110,42.24,0.6623781383999954,64.78,-22.54,-34.79468971904909,20240516_tvi2_otsu_3c_binario
108,39.79289940828402,0.6749231788999952,95.57,-55.77710059171597,-58.36256209240973,20240516_tvi2_otsu_3c_binario
107,64.75694444444444,0.9358600212999935,60.39,4.366944444444442,7.2312376957185664,20240516_tvi2_otsu_3c_binario
109,45.13888888888889,0.6523421059999954,19.67,25.46888888888889,129.48087894707112,20240516_tvi2_otsu_3c_binario
100,29.51388888888889,0.426531376999997,16.3,13.213888888888889,81.06680299931833,20240516_tvi2_otsu_3c_binario
111,43.04399524375743,0.9082609321999936,67.91,-24.866004756242567,-36.616116560510335,20240516_tvi2_otsu_3c_binario
96,34.60166468489893,0.7301213570999948,30.96,3.6416646848989274,11.762482832360877,20240516_tvi2_otsu_3c_binario
98,30.29100529100529,0.5745628548999959,15.19,15.101005291005292,99.41412304809278,20240516_tvi2_otsu_3c_binario
138,76.19047619047619,0.843026721599994,43.53,32.66047619047619,75.0298097644755,20240516_tvi2_otsu_3c_binario
118,55.2536231884058,0.7652474704999946,41.63,13.623623188405794,32.725494086970436,20240516_tvi2_otsu_3c_binario
142,48.55555555555556,1.0964365396999922,55.62,-7.06444444444444,-12.701266530824237,20240516_tvi2_otsu_3c_binario
148,17.72959183673469,0.34875212589999754,30.14,-12.41040816326531,-41.17587313624853,20240516_tvi2_otsu_3c_binario
145,19.848771266540645,0.26344585049999814,15.39,4.458771266540644,28.97187307693726,20240516_tvi2_otsu_3c_binario
143,17.00960219478738,0.3111170043999978,18.78,-1.770397805212621,-9.427038366414383,20240516_tvi2_otsu_3c_binario
146,8.893280632411066,0.1129053644999992,9.72,-0.8267193675889342,-8.505343287951996,20240516_tvi2_otsu_3c_binario
147,26.322751322751326,0.49929261189999646,61.08,-34.75724867724867,-56.904467382528935,20240516_tvi2_otsu_3c_binario
144,11.68639053254438,0.1982116398999986,7.36,4.326390532544379,58.78248006174428,20240516_tvi2_otsu_3c_binario
124,57.76,0.9057519240999936,27.4,30.36,110.80291970802921,20240516_tvi2_otsu_3c_binario
116,68.22916666666666,0.9860401832999931,84.19,-15.96083333333334,-18.95811062279765,20240516_tvi2_otsu_3c_binario
169,42.93552812071331,0.7853195352999944,53.3,-10.36447187928669,-19.445538235059455,20240516_tvi2_otsu_3c_binario
171,60.79881656804734,1.0312023290999928,79.86,-19.061183431952657,-23.868248725209938,20240516_tvi2_otsu_3c_binario
173,60.86956521739131,0.843026721599994,73.13,-12.260434782608684,-16.765260197741945,20240516_tvi2_otsu_3c_binario
170,50.0,0.8806618430999938,100.0,-50.0,-50.0,20240516_tvi2_otsu_3c_binario
172,47.16748768472907,0.9609501022999932,100.0,-52.83251231527093,-52.83251231527093,20240516_tvi2_otsu_3c_binario
140,13.555291319857313,0.27966718260001133,11.02,2.535291319857313,23.00627331993932,20250123_ndvi_otsu_3c_binario
123,7.015457788347206,0.14474003310000588,8.22,-1.2045422116527948,-14.653798195289475,20250123_ndvi_otsu_3c_binario
141,33.47107438016529,0.39742178580001614,15.54,17.931074380165292,115.3865790229427,20250123_ndvi_otsu_3c_binario
139,11.576354679802956,0.23060276460000936,7.57,4.006354679802955,52.92410409250932,20250123_ndvi_otsu_3c_binario
134,62.139917695473244,1.111309067700045,66.81,-4.670082304526758,-6.990094753071034,20250123_ndvi_otsu_3c_binario
137,3.512396694214876,0.04170475530000169,2.66,0.852396694214876,32.044988504318646,20250123_ndvi_otsu_3c_binario
132,41.333333333333336,0.912598174800037,48.97,-7.636666666666663,-15.594581716697292,20250123_ndvi_otsu_3c_binario
136,58.69565217391305,0.7948435716000323,68.24,-9.544347826086948,-13.986441714664345,20250123_ndvi_otsu_3c_binario
131,55.281207133058984,0.9886480227000402,100.0,-44.718792866941016,-44.718792866941016,20250123_ndvi_otsu_3c_binario
113,50.0,0.7972967925000324,100.0,-50.0,-50.0,20250123_ndvi_otsu_3c_binario
135,44.1141498216409,0.9101449539000369,100.0,-55.8858501783591,-55.8858501783591,20250123_ndvi_otsu_3c_binario
121,5.621301775147929,0.09322239420000378,4.32,1.3013017751479286,30.122726276572422,20250123_ndvi_otsu_3c_binario
114,37.93103448275862,0.7825774671000317,100.0,-62.06896551724138,-62.06896551724138,20250123_ndvi_otsu_3c_binario
90,12.16931216931217,0.22569632280000915,15.27,-3.1006878306878303,-20.305748727490702,20250123_ndvi_otsu_3c_binario
93,14.222222222222221,0.31401227520001274,17.24,-3.017777777777777,-17.50451147202887,20250123_ndvi_otsu_3c_binario
94,5.172413793103448,0.10303527780000418,72.41,-67.23758620689655,-92.85676868788364,20250123_ndvi_otsu_3c_binario
92,11.264367816091953,0.24041564820000974,71.17,-59.90563218390805,-84.17258983266551,20250123_ndvi_otsu_3c_binario
128,8.204518430439952,0.16927224210000685,14.72,-6.515481569560048,-44.2627824019025,20250123_ndvi_otsu_3c_binario
89,3.061224489795918,0.05887730160000239,12.18,-9.118775510204081,-74.86679400824369,20250123_ndvi_otsu_3c_binario
125,13.010204081632654,0.25022853180001015,17.03,-4.019795918367347,-23.604203865926873,20250123_ndvi_otsu_3c_binario
127,16.598079561042525,0.29683972890001203,16.6,-0.0019204389574767333,-0.011568909382389959,20250123_ndvi_otsu_3c_binario
130,31.746031746031743,0.3434509260000139,34.01,-2.2639682539682546,-6.656772284528829,20250123_ndvi_otsu_3c_binario
119,1.5,0.022078988100000897,4.38,-2.88,-65.75342465753424,20250123_ndvi_otsu_3c_binario
129,22.041420118343193,0.36552991410001484,26.68,-4.638579881656806,-17.38598156543031,20250123_ndvi_otsu_3c_binario
122,4.166666666666666,0.05642408070000229,5.39,-1.2233333333333336,-22.696351267779846,20250123_ndvi_otsu_3c_binario
120,4.497354497354497,0.08340951060000339,4.57,-0.07264550264550351,-1.5896171257221776,20250123_ndvi_otsu_3c_binario
115,42.365591397849464,0.9665690346000392,100.0,-57.634408602150536,-57.634408602150536,20250123_ndvi_otsu_3c_binario
117,71.42857142857143,0.7727645835000313,100.0,-28.57142857142857,-28.57142857142857,20250123_ndvi_otsu_3c_binario
95,25.181159420289855,0.3409977051000138,34.13,-8.948840579710147,-26.21986691974845,20250123_ndvi_otsu_3c_binario
99,16.527942925089178,0.3409977051000138,45.2,-28.672057074910825,-63.433754590510674,20250123_ndvi_otsu_3c_binario
97,35.12396694214876,0.4170475530000169,22.22,12.903966942148763,58.073658605529985,20250123_ndvi_otsu_3c_binario
88,46.74556213017752,0.7752178044000314,72.69,-25.94443786982248,-35.69189416676638,20250123_ndvi_otsu_3c_binario
84,53.98860398860399,0.9297707211000377,100.0,-46.01139601139601,-46.01139601139601,20250123_ndvi_otsu_3c_binario
78,0.8928571428571428,0.017172546300000695,4.22,-3.327142857142857,-78.84224779959376,20250123_ndvi_otsu_3c_binario
87,49.6,0.7604984790000309,100.0,-50.4,-50.4,20250123_ndvi_otsu_3c_binario
79,9.763313609467456,0.16191257940000656,9.24,0.523313609467456,5.663567202028744,20250123_ndvi_otsu_3c_binario
80,19.444444444444446,0.3606234723000146,44.34,-24.895555555555557,-56.146945321505534,20250123_ndvi_otsu_3c_binario
81,1.7195767195767195,0.031891871700001295,4.17,-2.4504232804232804,-58.76314821158945,20250123_ndvi_otsu_3c_binario
77,0.25510204081632654,0.004906441800000199,1.15,-0.8948979591836734,-77.81721384205856,20250123_ndvi_otsu_3c_binario
91,23.076923076923077,0.38270246040001554,24.38,-1.3030769230769224,-5.3448602259102636,20250123_ndvi_otsu_3c_binario
82,18.226600985221676,0.36307669320001473,16.38,1.8466009852216771,11.273510288288628,20250123_ndvi_otsu_3c_binario
102,50.38265306122449,0.9690222555000393,100.0,-49.61734693877551,-49.61734693877551,20250123_ndvi_otsu_3c_binario
105,38.28775267538644,0.7899371298000321,100.0,-61.71224732461356,-61.71224732461356,20250123_ndvi_otsu_3c_binario
103,75.0,0.8905191867000362,75.87,-0.8700000000000045,-1.1466982997232167,20250123_ndvi_otsu_3c_binario
104,42.73399014778325,0.8512676523000345,64.1,-21.36600985221674,-33.332308661804596,20250123_ndvi_otsu_3c_binario
112,4.3076923076923075,0.06869018520000278,9.66,-5.352307692307693,-55.406911928651056,20250123_ndvi_otsu_3c_binario
106,44.17009602194788,0.7899371298000321,47.08,-2.909903978052121,-6.1807646092865784,20250123_ndvi_otsu_3c_binario
110,1.92,0.029438650800001194,5.07,-3.1500000000000004,-62.130177514792905,20250123_ndvi_otsu_3c_binario
108,3.6923076923076925,0.05887730160000239,9.28,-5.587692307692307,-60.21220159151193,20250123_ndvi_otsu_3c_binario
107,12.64,0.19380445110000785,9.79,2.8500000000000014,29.111338100102163,20250123_ndvi_otsu_3c_binario
109,0.8680555555555556,0.012266104500000497,1.93,-1.0619444444444444,-55.0230282095567,20250123_ndvi_otsu_3c_binario
100,25.666666666666664,0.3777960186000153,18.91,6.756666666666664,35.73065397496914,20250123_ndvi_otsu_3c_binario
111,46.25445897740785,0.9543029301000387,34.32,11.93445897740785,34.774064619486744,20250123_ndvi_otsu_3c_binario
98,23.456790123456788,0.419500773900017,19.88,3.5767901234567887,17.991902029460707,20250123_ndvi_otsu_3c_binario
138,13.223140495867769,0.15700613760000637,3.93,9.29314049586777,236.46667928416716,20250123_ndvi_otsu_3c_binario
118,42.934782608695656,0.5814133533000235,90.86,-47.92521739130434,-52.746222090363574,20250123_ndvi_otsu_3c_binario
142,1.6129032258064515,0.03679831350000149,2.02,-0.4070967741935485,-20.153305653145964,20250123_ndvi_otsu_3c_binario
148,21.640903686087988,0.44648620380001813,25.9,-4.259096313912011,-16.444387312401588,20250123_ndvi_otsu_3c_binario
145,41.77693761814745,0.542161818900022,88.78,-47.00306238185255,-52.94330072296975,20250123_ndvi_otsu_3c_binario
143,24.206349206349206,0.4489394247000182,41.38,-17.173650793650797,-41.502297713027545,20250123_ndvi_otsu_3c_binario
146,42.53308128544423,0.5519747025000223,31.24,11.293081285444234,36.149427930359266,20250123_ndvi_otsu_3c_binario
147,19.642857142857142,0.3777960186000153,16.73,2.912857142857142,17.41098112885321,20250123_ndvi_otsu_3c_binario
144,27.514792899408285,0.4562990874000185,22.76,4.754792899408283,20.891005709175232,20250123_ndvi_otsu_3c_binario
124,8.431952662721894,0.13983359130000567,9.75,-1.3180473372781059,-13.518434228493392,20250123_ndvi_otsu_3c_binario
116,55.833333333333336,0.8218290015000334,100.0,-44.166666666666664,-44.166666666666664,20250123_ndvi_otsu_3c_binario
169,43.87464387464387,0.7555920372000307,100.0,-56.12535612535613,-56.12535612535613,20250123_ndvi_otsu_3c_binario
171,59.319526627218934,0.9837415809000399,100.0,-40.680473372781066,-40.680473372781066,20250123_ndvi_otsu_3c_binario
173,54.347826086956516,0.7359662700000299,100.0,-45.652173913043484,-45.652173913043484,20250123_ndvi_otsu_3c_binario
170,52.071005917159766,0.863533756800035,100.0,-47.928994082840234,-47.928994082840234,20250123_ndvi_otsu_3c_binario
172,45.18430439952438,0.9322239420000378,100.0,-54.81569560047562,-54.81569560047562,20250123_ndvi_otsu_3c_binario
140,8.323424494649228,0.17172546300000696,11.02,-2.696575505350772,-24.46983217196708,20250123_tvi2_otsu_3c_binario
123,3.2104637336504163,0.06623696430000268,8.22,-5.009536266349585,-60.94326358089519,20250123_tvi2_otsu_3c_binario
141,25.206611570247933,0.29929294980001214,15.54,9.666611570247934,62.204707659253124,20250123_tvi2_otsu_3c_binario
139,0.7389162561576355,0.014719325400000597,7.57,-6.831083743842365,-90.23888697281855,20250123_tvi2_otsu_3c_binario
134,61.865569272976686,1.1064026259000448,66.81,-4.944430727023317,-7.400734511335603,20250123_tvi2_otsu_3c_binario
137,0.0,0.0,2.66,-2.66,-100.0,20250123_tvi2_otsu_3c_binario
132,28.555555555555557,0.6304777713000256,48.97,-20.41444444444444,-41.68765457309463,20250123_tvi2_otsu_3c_binario
136,36.41304347826087,0.49309740090002,68.24,-31.826956521739127,-46.63973698965289,20250123_tvi2_otsu_3c_binario
131,54.1838134430727,0.9690222555000393,100.0,-45.8161865569273,-45.8161865569273,20250123_tvi2_otsu_3c_binario
113,49.07692307692308,0.7825774671000317,100.0,-50.92307692307692,-50.92307692307691,20250123_tvi2_otsu_3c_binario
135,39.12009512485137,0.8071096761000327,100.0,-60.87990487514863,-60.879904875148625,20250123_tvi2_otsu_3c_binario
121,3.698224852071006,0.06133052250000249,4.32,-0.6217751479289944,-14.392943239097091,20250123_tvi2_otsu_3c_binario
114,38.763376932223544,0.7997500134000325,100.0,-61.236623067776456,-61.23662306777645,20250123_tvi2_otsu_3c_binario
90,8.465608465608465,0.15700613760000637,15.27,-6.804391534391534,-44.560520853906574,20250123_tvi2_otsu_3c_binario
93,15.88888888888889,0.35081058870001425,17.24,-1.3511111111111092,-7.837071410157247,20250123_tvi2_otsu_3c_binario
94,4.556650246305419,0.09076917330000368,72.41,-67.85334975369457,-93.7071533678975,20250123_tvi2_otsu_3c_binario
92,9.885057471264368,0.21097699740000855,71.17,-61.284942528735634,-86.11064005723709,20250123_tvi2_otsu_3c_binario
128,6.4209274673008325,0.13247392860000537,14.72,-8.299072532699167,-56.37956883627151,20250123_tvi2_otsu_3c_binario
89,3.188775510204082,0.06133052250000249,12.18,-8.991224489795918,-73.81957709192052,20250123_tvi2_otsu_3c_binario
125,7.142857142857142,0.13738037040000556,17.03,-9.887142857142859,-58.057209965606916,20250123_tvi2_otsu_3c_binario
127,13.580246913580247,0.24286886910000985,16.6,-3.0197530864197546,-18.19128365313105,20250123_tvi2_otsu_3c_binario
130,32.19954648526077,0.34835736780001414,34.01,-1.8104535147392298,-5.323297602879241,20250123_tvi2_otsu_3c_binario
119,0.16666666666666669,0.0024532209000000995,4.38,-4.213333333333333,-96.19482496194824,20250123_tvi2_otsu_3c_binario
129,19.526627218934912,0.3238251588000131,26.68,-7.153372781065087,-26.811742057965095,20250123_tvi2_otsu_3c_binario
122,1.8115942028985508,0.024532209000000995,5.39,-3.578405797101449,-66.38971794251297,20250123_tvi2_otsu_3c_binario
120,1.1904761904761905,0.022078988100000897,4.57,-3.3795238095238096,-73.95019276857352,20250123_tvi2_otsu_3c_binario
115,20.967741935483872,0.47837807550001943,100.0,-79.03225806451613,-79.03225806451613,20250123_tvi2_otsu_3c_binario
117,36.054421768707485,0.3900621231000158,100.0,-63.945578231292515,-63.94557823129251,20250123_tvi2_otsu_3c_binario
95,5.615942028985507,0.07604984790000309,34.13,-28.514057971014495,-83.54543794613095,20250123_tvi2_otsu_3c_binario
99,7.015457788347206,0.14474003310000588,45.2,-38.1845422116528,-84.47907568949734,20250123_tvi2_otsu_3c_binario
97,19.00826446280992,0.22569632280000915,22.22,-3.21173553719008,-14.454255342889649,20250123_tvi2_otsu_3c_binario
88,45.562130177514796,0.7555920372000307,72.69,-27.127869822485202,-37.31994747900014,20250123_tvi2_otsu_3c_binario
84,52.849002849002844,0.9101449539000369,100.0,-47.150997150997156,-47.150997150997156,20250123_tvi2_otsu_3c_binario
78,0.3826530612244898,0.0073596627000002985,4.22,-3.83734693877551,-90.9323919141116,20250123_tvi2_otsu_3c_binario
87,51.519999999999996,0.7899371298000321,100.0,-48.480000000000004,-48.480000000000004,20250123_tvi2_otsu_3c_binario
79,6.952662721893491,0.11530138230000468,9.24,-2.2873372781065093,-24.754732447040144,20250123_tvi2_otsu_3c_binario
80,6.746031746031746,0.12511426590000507,44.34,-37.59396825396826,-84.7856749074611,20250123_tvi2_otsu_3c_binario
81,0.3968253968253968,0.0073596627000002985,4.17,-3.773174603174603,-90.48380343344373,20250123_tvi2_otsu_3c_binario
77,0.3826530612244898,0.0073596627000002985,1.15,-0.7673469387755101,-66.72582076308784,20250123_tvi2_otsu_3c_binario
91,15.976331360946746,0.26494785720001074,24.38,-8.403668639053253,-34.46951861793787,20250123_tvi2_otsu_3c_binario
82,14.532019704433496,0.28948006620001177,16.38,-1.8479802955665026,-11.281930986364486,20250123_tvi2_otsu_3c_binario
102,36.35204081632653,0.6991679565000284,100.0,-63.64795918367347,-63.64795918367348,20250123_tvi2_otsu_3c_binario
105,29.25089179548157,0.6034923414000245,100.0,-70.74910820451842,-70.74910820451842,20250123_tvi2_otsu_3c_binario
103,56.19834710743802,0.6672760848000271,75.87,-19.671652892561987,-25.92810451108737,20250123_tvi2_otsu_3c_binario
104,21.182266009852217,0.4219539948000171,64.1,-42.91773399014778,-66.95434319835847,20250123_tvi2_otsu_3c_binario
112,2.4615384615384617,0.03925153440000159,9.66,-7.1984615384615385,-74.5182353878006,20250123_tvi2_otsu_3c_binario
106,21.262002743484228,0.38024923950001543,47.08,-25.81799725651577,-54.83856681502925,20250123_tvi2_otsu_3c_binario
110,1.6,0.024532209000000995,5.07,-3.47,-68.44181459566076,20250123_tvi2_otsu_3c_binario
108,1.2307692307692308,0.019625767200000796,9.28,-8.049230769230768,-86.73740053050398,20250123_tvi2_otsu_3c_binario
107,7.199999999999999,0.11039494050000448,9.79,-2.59,-26.455566905005107,20250123_tvi2_otsu_3c_binario
109,1.0416666666666665,0.014719325400000597,1.93,-0.8883333333333334,-46.02763385146805,20250123_tvi2_otsu_3c_binario
100,13.0,0.19135123020000777,18.91,-5.91,-31.25330512956108,20250123_tvi2_otsu_3c_binario
111,0.0,0.0,34.32,-34.32,-100.0,20250123_tvi2_otsu_3c_binario
98,1.5089163237311385,0.026985429900001093,19.88,-18.37108367626886,-92.40987764722767,20250123_tvi2_otsu_3c_binario
138,0.2066115702479339,0.0024532209000000995,3.93,-3.7233884297520663,-94.74270813618489,20250123_tvi2_otsu_3c_binario
118,19.565217391304348,0.26494785720001074,90.86,-71.29478260869566,-78.46663285130492,20250123_tvi2_otsu_3c_binario
142,0.6451612903225806,0.014719325400000597,2.02,-1.3748387096774195,-68.0613222612584,20250123_tvi2_otsu_3c_binario
148,13.555291319857313,0.27966718260001133,25.9,-12.344708680142686,-47.66296787699879,20250123_tvi2_otsu_3c_binario
145,41.39886578449906,0.5372553771000218,88.78,-47.38113421550094,-53.36915320511483,20250123_tvi2_otsu_3c_binario
143,25.793650793650798,0.47837807550001943,41.38,-15.586349206349205,-37.66638280896376,20250123_tvi2_otsu_3c_binario
146,34.78260869565217,0.4513926456000183,31.24,3.5426086956521736,11.33997661860491,20250123_tvi2_otsu_3c_binario
147,18.239795918367346,0.35081058870001425,16.73,1.5097959183673453,9.02448247679226,20250123_tvi2_otsu_3c_binario
144,23.37278106508876,0.3876089022000157,22.76,0.6127810650887575,2.6923596884391805,20250123_tvi2_otsu_3c_binario
124,4.585798816568047,0.07604984790000309,9.75,-5.164201183431953,-52.966165983917456,20250123_tvi2_otsu_3c_binario
116,38.166666666666664,0.5617875861000228,100.0,-61.833333333333336,-61.83333333333334,20250123_tvi2_otsu_3c_binario
169,23.219373219373217,0.39987500670001624,100.0,-76.78062678062679,-76.78062678062679,20250123_tvi2_otsu_3c_binario
171,55.325443786982255,0.9175046166000372,100.0,-44.674556213017745,-44.674556213017745,20250123_tvi2_otsu_3c_binario
173,47.64492753623188,0.6451970967000261,100.0,-52.35507246376812,-52.35507246376812,20250123_tvi2_otsu_3c_binario
170,49.70414201183432,0.8242822224000335,100.0,-50.29585798816568,-50.29585798816568,20250123_tvi2_otsu_3c_binario
172,44.827586206896555,0.9248642793000376,100.0,-55.172413793103445,-55.172413793103445,20250123_tvi2_otsu_3c_binario
140,28.94088669950739,0.612434087499809,24.54,4.400886699507392,17.93352363287446,20250523_ndvi_otsu_3c_binario
123,37.4485596707819,0.7114659824997781,31.54,5.908559670781898,18.733543661324976,20250523_ndvi_otsu_3c_binario
141,69.26406926406926,0.8339527999997399,53.5,15.764069264069263,29.465550026297688,20250523_ndvi_otsu_3c_binario
139,37.301587301587304,0.7349209049997708,44.12,-6.818412698412693,-15.454244556692414,20250523_ndvi_otsu_3c_binario
134,58.43621399176955,1.1101996649996537,100.0,-41.56378600823045,-41.56378600823045,20250523_ndvi_otsu_3c_binario
137,7.575757575757576,0.09121358749997156,11.7,-4.124242424242423,-35.24993524993524,20250523_ndvi_otsu_3c_binario
132,42.687277051129605,0.9355907974997083,58.62,-15.932722948870392,-27.179670673610364,20250523_ndvi_otsu_3c_binario
136,50.72463768115942,0.7297086999997725,29.45,21.274637681159422,72.23985630274846,20250523_ndvi_otsu_3c_binario
131,53.98860398860399,0.987712847499692,100.0,-46.01139601139601,-46.01139601139601,20250523_ndvi_otsu_3c_binario
113,57.599999999999994,0.9381968999997075,99.9100000000001,-42.3100000000001,-42.348113301971836,20250523_ndvi_otsu_3c_binario
135,47.066326530612244,0.9616518224997002,100.0,-52.933673469387756,-52.933673469387756,20250523_ndvi_otsu_3c_binario
121,15.040000000000001,0.2449736349999236,17.45,-2.4099999999999984,-13.81088825214899,20250523_ndvi_otsu_3c_binario
114,44.26020408163265,0.904317567499718,100.0,-55.73979591836735,-55.73979591836735,20250523_ndvi_otsu_3c_binario
90,18.49112426035503,0.3257628124998984,63.09,-44.598875739644974,-70.69087928300043,20250523_ndvi_otsu_3c_binario
93,27.46730083234245,0.6020096774998123,23.9,3.5673008323424504,14.925944905198538,20250523_ndvi_otsu_3c_binario
94,12.83068783068783,0.25279194249992115,13.66,-0.8293121693121694,-6.071099336106657,20250523_ndvi_otsu_3c_binario
92,34.85221674876847,0.7375270074997701,35.82,-0.9677832512315305,-2.701795787916054,20250523_ndvi_otsu_3c_binario
128,6.4209274673008325,0.1407295349999561,15.91,-9.489072532699169,-59.642190651786095,20250523_ndvi_otsu_3c_binario
89,10.714285714285714,0.2110943024999342,15.0,-4.2857142857142865,-28.571428571428577,20250523_ndvi_otsu_3c_binario
126,30.17751479289941,0.5316449099998343,30.07,0.10751479289940846,0.357548363483234,20250523_ndvi_otsu_3c_binario
125,21.39917695473251,0.40655198999987324,70.23,-48.83082304526749,-69.52986337073543,20250523_ndvi_otsu_3c_binario
127,29.69230769230769,0.5029777824998432,30.79,-1.0976923076923093,-3.5650935618457593,20250523_ndvi_otsu_3c_binario
130,60.5,0.6306768049998034,38.32,22.18,57.881002087682674,20250523_ndvi_otsu_3c_binario
119,6.702898550724639,0.09642579249996994,16.87,-10.167101449275362,-60.26734706150185,20250523_ndvi_otsu_3c_binario
129,21.279999999999998,0.3466116324998919,32.2,-10.920000000000005,-33.91304347826088,20250523_ndvi_otsu_3c_binario
122,14.229249011857709,0.18763937999994149,15.44,-1.2107509881422907,-7.84165147760551,20250523_ndvi_otsu_3c_binario
120,30.727023319615913,0.583766959999818,45.55,-14.822976680384084,-32.54221005572796,20250523_ndvi_otsu_3c_binario
115,49.94054696789536,1.0945630499996586,77.4500000000001,-27.509453032104744,-35.51898390200737,20250523_ndvi_otsu_3c_binario
117,77.09750566893425,0.8860748499997237,78.47,-1.3724943310657522,-1.749068855697403,20250523_ndvi_otsu_3c_binario
95,54.44234404536862,0.7505575199997659,55.94,-1.4976559546313766,-2.677254119827273,20250523_ndvi_otsu_3c_binario
99,22.831632653061224,0.4664923474998545,23.34,-0.5083673469387762,-2.1780948883409432,20250523_ndvi_otsu_3c_binario
97,48.97959183673469,0.5629181399998244,39.86,9.119591836734692,22.879056288847696,20250523_ndvi_otsu_3c_binario
88,53.28000000000001,0.8678321324997293,81.4000000000001,-28.120000000000097,-34.54545454545462,20250523_ndvi_otsu_3c_binario
84,51.03550295857988,0.8991053624997196,100.0,-48.96449704142012,-48.96449704142012,20250523_ndvi_otsu_3c_binario
78,4.700854700854701,0.08600138249997319,37.95,-33.249145299145304,-87.61303109129197,20250523_ndvi_otsu_3c_binario
87,48.64,0.7922551599997529,100.0,-51.36,-51.35999999999999,20250523_ndvi_otsu_3c_binario
79,31.840000000000003,0.5186143974998383,29.2,2.640000000000004,9.041095890410974,20250523_ndvi_otsu_3c_binario
80,22.934472934472936,0.41958250249986917,38.05,-15.115527065527061,-39.725432498100034,20250523_ndvi_otsu_3c_binario
81,3.9780521262002746,0.07557697249997643,11.39,-7.4119478737997255,-65.07416921685449,20250523_ndvi_otsu_3c_binario
77,0.7936507936507936,0.015636614999995125,5.43,-4.636349206349206,-85.38396328451577,20250523_ndvi_otsu_3c_binario
91,37.38461538461538,0.6332829074998025,100.0,-62.61538461538462,-62.61538461538462,20250523_ndvi_otsu_3c_binario
82,29.100529100529098,0.5733425499998213,54.52,-25.419470899470905,-46.6241212389415,20250523_ndvi_otsu_3c_binario
102,52.70655270655271,0.9642579249996993,86.4400000000001,-33.733447293447384,-39.02527451810197,20250523_ndvi_otsu_3c_binario
105,33.2010582010582,0.654131727499796,61.4,-28.198941798941796,-45.9266153077228,20250523_ndvi_otsu_3c_binario
103,75.20661157024794,0.9486213099997042,85.0100000000001,-9.803388429752161,-11.532041441891717,20250523_ndvi_otsu_3c_binario
104,44.13265306122449,0.9017114649997188,100.0,-55.86734693877551,-55.86734693877551,20250523_ndvi_otsu_3c_binario
112,5.076923076923077,0.08600138249997319,7.96,-2.8830769230769233,-36.219559335137234,20250523_ndvi_otsu_3c_binario
106,49.2603550295858,0.8678321324997293,100.0,-50.7396449704142,-50.7396449704142,20250523_ndvi_otsu_3c_binario
110,8.32,0.13551732999995775,19.76,-11.440000000000001,-57.89473684210527,20250523_ndvi_otsu_3c_binario
108,16.16,0.2632163524999179,27.86,-11.7,-41.9956927494616,20250523_ndvi_otsu_3c_binario
107,11.979166666666668,0.17982107249994392,24.29,-12.310833333333331,-50.68272265678605,20250523_ndvi_otsu_3c_binario
109,5.072463768115942,0.07297086999997725,11.59,-6.5175362318840575,-56.23413487389178,20250523_ndvi_otsu_3c_binario
100,42.53308128544423,0.5863730624998171,46.1,-3.5669187145557686,-7.737350790793424,20250523_ndvi_otsu_3c_binario
111,11.479591836734695,0.23454922499992686,16.86,-5.3804081632653045,-31.912266686033835,20250523_ndvi_otsu_3c_binario
96,39.778325123152705,0.8417711074997375,69.0,-29.221674876847295,-42.350253444706226,20250523_ndvi_otsu_3c_binario
98,29.218106995884774,0.5550998324998269,28.48,0.7381069958847739,2.591667822629122,20250523_ndvi_otsu_3c_binario
138,30.158730158730158,0.3466116324998919,20.7,9.458730158730159,45.69434859289932,20250523_ndvi_otsu_3c_binario
118,64.82213438735178,0.8548016199997335,36.08,28.742134387351783,79.6622349982034,20250523_ndvi_otsu_3c_binario
142,7.111111111111111,0.166790559999948,9.19,-2.078888888888889,-22.621206625559182,20250523_ndvi_otsu_3c_binario
148,32.78061224489796,0.6697683424997911,32.68,0.10061224489795961,0.30787100641970505,20250523_ndvi_otsu_3c_binario
145,68.38842975206612,0.862619927499731,59.04,9.348429752066117,15.834061233174317,20250523_ndvi_otsu_3c_binario
143,37.86008230452675,0.7192842899997757,60.26,-22.39991769547325,-37.17211698551817,20250523_ndvi_otsu_3c_binario
146,52.47933884297521,0.6619500349997935,37.04,15.43933884297521,41.68288024561342,20250523_ndvi_otsu_3c_binario
147,33.33333333333333,0.6098279849998098,41.38,-8.046666666666674,-19.445787014660883,20250523_ndvi_otsu_3c_binario
144,38.15384615384615,0.6463134199997984,43.31,-5.156153846153849,-11.905227074933846,20250523_ndvi_otsu_3c_binario
124,21.279999999999998,0.3466116324998919,24.65,-3.370000000000001,-13.67139959432049,20250523_ndvi_otsu_3c_binario
116,72.4007561436673,0.9981372574996887,85.59,-13.189243856332709,-15.409795369006552,20250523_ndvi_otsu_3c_binario
169,37.32193732193732,0.6827988549997871,80.65,-43.328062678062686,-53.72357430633935,20250523_ndvi_otsu_3c_binario
171,60.0,1.0163799749996831,88.44,-28.439999999999998,-32.15739484396201,20250523_ndvi_otsu_3c_binario
173,62.75992438563327,0.8652260299997302,77.97,-15.21007561436673,-19.50759986452062,20250523_ndvi_otsu_3c_binario
170,52.15384615384615,0.8834687474997245,100.0,-47.84615384615385,-47.84615384615385,20250523_ndvi_otsu_3c_binario
172,47.19387755102041,0.9642579249996993,100.0,-52.80612244897959,-52.8061224489796,20250523_ndvi_otsu_3c_binario
140,29.310344827586203,0.6202523949998066,24.54,4.770344827586204,19.439057977123895,20250523_tvi2_otsu_3c_binario
123,40.32921810699588,0.7661941349997611,31.54,8.789218106995882,27.86689317373457,20250523_tvi2_otsu_3c_binario
141,72.07792207792207,0.8678321324997293,53.5,18.577922077922068,34.72508799611602,20250523_tvi2_otsu_3c_binario
139,40.07936507936508,0.7896490574997538,44.12,-4.040634920634915,-9.158284044956744,20250523_tvi2_otsu_3c_binario
134,58.0246913580247,1.1023813574996562,100.0,-41.9753086419753,-41.9753086419753,20250523_tvi2_otsu_3c_binario
137,11.688311688311687,0.1407295349999561,11.7,-0.01168831168831197,-0.0999000999001023,20250523_tvi2_otsu_3c_binario
132,42.687277051129605,0.9355907974997083,58.62,-15.932722948870392,-27.179670673610364,20250523_tvi2_otsu_3c_binario
136,53.07971014492754,0.7635880324997619,29.45,23.62971014492754,80.2367067739475,20250523_tvi2_otsu_3c_binario
131,53.98860398860399,0.987712847499692,100.0,-46.01139601139601,-46.01139601139601,20250523_tvi2_otsu_3c_binario
113,58.56,0.9538335149997026,99.9100000000001,-41.350000000000094,-41.38724852367136,20250523_tvi2_otsu_3c_binario
135,47.19387755102041,0.9642579249996993,100.0,-52.80612244897959,-52.8061224489796,20250523_tvi2_otsu_3c_binario
121,17.28,0.2814590699999122,17.45,-0.16999999999999815,-0.9742120343839435,20250523_tvi2_otsu_3c_binario
114,45.025510204081634,0.9199541824997132,100.0,-54.974489795918366,-54.974489795918366,20250523_tvi2_otsu_3c_binario
90,23.224852071005916,0.4091580924998724,63.09,-39.86514792899409,-63.18774437944855,20250523_tvi2_otsu_3c_binario
93,37.5743162901308,0.8235283899997432,23.9,13.674316290130804,57.21471251100755,20250523_tvi2_otsu_3c_binario
94,24.6031746031746,0.48473506499984886,13.66,10.943174603174601,80.11108787097072,20250523_tvi2_otsu_3c_binario
92,39.285714285714285,0.8313466974997408,35.82,3.4657142857142844,9.675360931642334,20250523_tvi2_otsu_3c_binario
128,13.317479191438764,0.291883479999909,15.91,-2.592520808561236,-16.29491394444523,20250523_tvi2_otsu_3c_binario
89,12.566137566137566,0.2475797374999228,15.0,-2.4338624338624335,-16.22574955908289,20250523_tvi2_otsu_3c_binario
126,36.98224852071006,0.6515256249997968,30.07,6.912248520710058,22.987191621915724,20250523_tvi2_otsu_3c_binario
125,25.240054869684496,0.47952285999985045,70.23,-44.989945130315505,-64.06086448855973,20250523_tvi2_otsu_3c_binario
127,37.69230769230769,0.638495112499801,30.79,6.902307692307694,22.417368276413427,20250523_tvi2_otsu_3c_binario
130,69.5,0.7244964949997741,38.32,31.18,81.36743215031315,20250523_tvi2_otsu_3c_binario
119,9.239130434782608,0.13291122749995857,16.87,-7.6308695652173935,-45.233370273962024,20250523_tvi2_otsu_3c_binario
129,27.52,0.44824962999986023,32.2,-4.680000000000003,-14.534161490683239,20250523_tvi2_otsu_3c_binario
122,20.948616600790515,0.27624686499991385,15.44,5.508616600790516,35.677568657969665,20250523_tvi2_otsu_3c_binario
120,35.66529492455419,0.6775866499997887,45.55,-9.884705075445808,-21.700779528969942,20250523_tvi2_otsu_3c_binario
115,46.0166468489893,1.0085616674996856,77.4500000000001,-31.4333531510108,-40.585349452563925,20250523_tvi2_otsu_3c_binario
117,74.82993197278913,0.8600138249997318,78.47,-3.640068027210873,-4.638802124647475,20250523_tvi2_otsu_3c_binario
95,61.05860113421549,0.8417711074997375,55.94,5.118601134215496,9.150162914221479,20250523_tvi2_otsu_3c_binario
99,30.484693877551024,0.6228584974998058,23.34,7.144693877551024,30.611370512215185,20250523_tvi2_otsu_3c_binario
97,60.997732426303855,0.7010415724997814,39.86,21.137732426303856,53.02993584120386,20250523_tvi2_otsu_3c_binario
88,53.92,0.8782565424997262,81.4000000000001,-27.480000000000103,-33.75921375921384,20250523_tvi2_otsu_3c_binario
84,51.92307692307693,0.9147419774997148,100.0,-48.07692307692307,-48.07692307692307,20250523_tvi2_otsu_3c_binario
78,4.5584045584045585,0.083395279999974,37.95,-33.39159544159544,-87.98839378549523,20250523_tvi2_otsu_3c_binario
87,48.64,0.7922551599997529,100.0,-51.36,-51.35999999999999,20250523_tvi2_otsu_3c_binario
79,33.76,0.5498876274998286,29.2,4.559999999999999,15.61643835616438,20250523_tvi2_otsu_3c_binario
80,23.219373219373217,0.42479470749986753,38.05,-14.83062678062678,-38.97668010677209,20250523_tvi2_otsu_3c_binario
81,4.38957475994513,0.083395279999974,11.39,-7.000425240054871,-61.46115223928772,20250523_tvi2_otsu_3c_binario
77,1.1904761904761905,0.023454922499992686,5.43,-4.239523809523809,-78.07594492677366,20250523_tvi2_otsu_3c_binario
91,40.46153846153846,0.6854049574997862,100.0,-59.53846153846154,-59.53846153846154,20250523_tvi2_otsu_3c_binario
82,29.629629629629626,0.583766959999818,54.52,-24.890370370370377,-45.65365071601316,20250523_tvi2_otsu_3c_binario
102,52.56410256410257,0.9616518224997002,86.4400000000001,-33.87589743589753,-39.190071073458455,20250523_tvi2_otsu_3c_binario
105,35.44973544973545,0.6984354699997822,61.4,-25.95026455026455,-42.26427451183151,20250523_tvi2_otsu_3c_binario
103,76.65289256198346,0.9668640274996985,85.0100000000001,-8.35710743801664,-9.830734546543502,20250523_tvi2_otsu_3c_binario
104,42.21938775510204,0.862619927499731,100.0,-57.78061224489796,-57.78061224489795,20250523_tvi2_otsu_3c_binario
112,5.538461538461538,0.09381968999997074,7.96,-2.4215384615384616,-30.421337456513335,20250523_tvi2_otsu_3c_binario
106,50.591715976331365,0.891287054999722,100.0,-49.408284023668635,-49.408284023668635,20250523_tvi2_otsu_3c_binario
110,9.6,0.15636614999995124,19.76,-10.160000000000002,-51.417004048583,20250523_tvi2_otsu_3c_binario
108,16.32,0.26582245499991713,27.86,-11.54,-41.421392677674085,20250523_tvi2_otsu_3c_binario
107,14.583333333333334,0.21891260999993173,24.29,-9.706666666666665,-39.96157540826128,20250523_tvi2_otsu_3c_binario
109,5.797101449275362,0.083395279999974,11.59,-5.7928985507246376,-49.981868427304896,20250523_tvi2_otsu_3c_binario
100,53.119092627599244,0.7323148024997717,46.1,7.0190926275992425,15.225797456831328,20250523_tvi2_otsu_3c_binario
111,13.26530612244898,0.2710346599999155,16.86,-3.5946938775510198,-21.320841503861327,20250523_tvi2_otsu_3c_binario
96,43.22660098522167,0.9147419774997148,69.0,-25.773399014778327,-37.35275219533091,20250523_tvi2_otsu_3c_binario
98,35.80246913580247,0.680192752499788,28.48,7.322469135802468,25.710916909418778,20250523_tvi2_otsu_3c_binario
138,28.798185941043087,0.3309750174998968,20.7,8.098185941043088,39.12167121276855,20250523_tvi2_otsu_3c_binario
118,65.01976284584981,0.8574077224997326,36.08,28.939762845849813,80.20998571466134,20250523_tvi2_otsu_3c_binario
142,7.666666666666666,0.17982107249994392,9.19,-1.5233333333333334,-16.575988393180996,20250523_tvi2_otsu_3c_binario
148,33.16326530612245,0.6775866499997887,32.68,0.48326530612244767,1.478780006494638,20250523_tvi2_otsu_3c_binario
145,72.31404958677686,0.9121358749997156,59.04,13.274049586776862,22.4831463190665,20250523_tvi2_otsu_3c_binario
143,42.79835390946502,0.8131039799997465,60.26,-17.461646090534977,-28.977175722759668,20250523_tvi2_otsu_3c_binario
146,54.958677685950406,0.6932232649997838,37.04,17.918677685950406,48.37655962729592,20250523_tvi2_otsu_3c_binario
147,36.039886039886035,0.6593439324997944,41.38,-5.3401139601139676,-12.9050603192701,20250523_tvi2_otsu_3c_binario
144,40.76923076923077,0.6906171624997847,43.31,-2.5407692307692358,-5.866472479263994,20250523_tvi2_otsu_3c_binario
124,28.48,0.46388624499985537,24.65,3.830000000000002,15.537525354969583,20250523_tvi2_otsu_3c_binario
116,72.4007561436673,0.9981372574996887,85.59,-13.189243856332709,-15.409795369006552,20250523_tvi2_otsu_3c_binario
169,39.6011396011396,0.7244964949997741,80.65,-41.048860398860405,-50.89753304260435,20250523_tvi2_otsu_3c_binario
171,61.846153846153854,1.0476532049996734,88.44,-26.593846153846144,-30.069930069930063,20250523_tvi2_otsu_3c_binario
173,63.32703213610586,0.8730443374997278,77.97,-14.642967863894135,-18.780258899440984,20250523_tvi2_otsu_3c_binario
170,53.07692307692308,0.8991053624997196,100.0,-46.92307692307692,-46.92307692307692,20250523_tvi2_otsu_3c_binario
172,47.066326530612244,0.9616518224997002,100.0,-52.933673469387756,-52.933673469387756,20250523_tvi2_otsu_3c_binario
